fips,county_name,state_name,latitude,longitude
01001,Autauga,Alabama,32.534927,-86.642746
01003,Baldwin,Alabama,30.727574,-87.722563
01005,Barbour,Alabama,31.869561,-85.393229
01007,Bibb,Alabama,32.998632,-87.126466
01009,Blount,Alabama,33.980870,-86.567382
01011,Bullock,Alabama,32.100535,-85.715679
01013,Butler,Alabama,31.752447,-86.680300
01015,Calhoun,Alabama,33.771437,-85.826016
01017,Chambers,Alabama,32.914477,-85.392382
01019,Cherokee,Alabama,34.175923,-85.603795
01021,Chilton,Alabama,32.847859,-86.718822
01023,Choctaw,Alabama,32.019763,-88.263178
01025,Clarke,Alabama,31.676659,-87.830813
01027,Clay,Alabama,33.269059,-85.860546
01029,Cleburne,Alabama,33.674543,-85.518793
01031,Coffee,Alabama,31.402645,-85.988203
01033,Colbert,Alabama,34.700286,-87.805237
01035,Conecuh,Alabama,31.429260,-86.993659
01037,Coosa,Alabama,32.936228,-86.247662
01039,Covington,Alabama,31.248500,-86.451270
01041,Crenshaw,Alabama,31.731537,-86.313564
01043,Cullman,Alabama,34.131945,-86.867625
01045,Dale,Alabama,31.431778,-85.611055
01047,Dallas,Alabama,32.325976,-87.106463
01049,DeKalb,Alabama,34.459818,-85.804101
01051,Elmore,Alabama,32.596636,-86.149153
01053,Escambia,Alabama,31.126156,-87.161565
01055,Etowah,Alabama,34.045260,-86.034768
01057,Fayette,Alabama,33.721218,-87.738883
01059,Franklin,Alabama,34.441696,-87.843729
01061,Geneva,Alabama,31.095054,-85.839077
01063,Greene,Alabama,32.853139,-87.952235
01065,Hale,Alabama,32.762656,-87.629148
01067,Henry,Alabama,31.514683,-85.241418
01069,Houston,Alabama,31.153195,-85.302468
01071,Jackson,Alabama,34.779453,-85.999354
01073,Jefferson,Alabama,33.554311,-86.896498
01075,Lamar,Alabama,33.779179,-88.096941
01077,Lauderdale,Alabama,34.901177,-87.654022
01079,Lawrence,Alabama,34.521680,-87.310986
01081,Lee,Alabama,32.601076,-85.355411
01083,Limestone,Alabama,34.810096,-86.981382
01085,Lowndes,Alabama,32.154748,-86.650112
01087,Macon,Alabama,32.385964,-85.692672
01089,Madison,Alabama,34.763101,-86.550215
01091,Marengo,Alabama,32.247621,-87.789524
01093,Marion,Alabama,34.136563,-87.887145
01095,Marshall,Alabama,34.366968,-86.306638
01097,Mobile,Alabama,30.786129,-88.206243
01099,Monroe,Alabama,31.570845,-87.365423
01101,Montgomery,Alabama,32.220257,-86.207617
01103,Morgan,Alabama,34.453465,-86.852925
01105,Perry,Alabama,32.638450,-87.294439
01107,Pickens,Alabama,33.280832,-88.088688
01109,Pike,Alabama,31.802710,-85.940937
01111,Randolph,Alabama,33.293786,-85.459112
01113,Russell,Alabama,32.288300,-85.184529
01115,St. Clair,Alabama,33.715693,-86.314704
01117,Shelby,Alabama,33.264268,-86.660663
01119,Sumter,Alabama,32.591050,-88.198848
01121,Talladega,Alabama,33.380071,-86.165892
01123,Tallapoosa,Alabama,32.862400,-85.797507
01125,Tuscaloosa,Alabama,33.289569,-87.525063
01127,Walker,Alabama,33.803330,-87.297353
01129,Washington,Alabama,31.407625,-88.207858
01131,Wilcox,Alabama,31.989254,-87.308198
01133,Winston,Alabama,34.149221,-87.373703
02013,Aleutians East,null,55.356895,-161.983220
02016,Aleutians West,null,52.810135,-108.451173
02020,Anchorage,null,61.150635,-149.113514
02050,Bethel,null,60.914914,-159.821878
02060,Bristol Bay,null,58.742502,-156.707043
02068,Denali,null,63.673610,-150.008700
02070,Dillingham,null,59.799290,-158.214199
02090,Fairbanks North Star,null,64.808365,-146.563060
02100,Haines,null,59.116400,-135.500480
02105,Hoonah-Angoon,null,58.191093,-135.331839
02110,Juneau,null,58.454649,-134.177391
02122,Kenai Peninsula,null,60.257346,-151.563938
02130,Ketchikan Gateway,null,55.585653,-130.930960
02150,Kodiak Island,null,57.669887,-153.776186
02164,Lake and Peninsula,null,58.636445,-156.190134
02170,Matanuska-Susitna,null,62.315520,-149.570661
02180,Nome,null,64.910067,-164.031949
02185,North Slope,null,69.312353,-153.439492
02188,Northwest Arctic,null,67.055634,-159.722051
02195,Petersburg,null,56.811861,-133.287850
02198,Prince of Wales-Hyder,null,55.500581,-132.698454
02220,Sitka,null,57.231460,-135.302247
02230,Skagway,null,59.560994,-135.337004
02240,Southeast Fairbanks,null,63.876919,-143.206730
02261,Valdez-Cordova,null,61.560549,-144.484372
02270,Wade Hampton,null,62.156583,-163.380354
02275,Wrangell,null,56.325385,-132.017322
02282,Yakutat,null,59.889497,-140.355939
02290,Yukon-Koyukuk,null,65.509312,-151.389837
04001,Apache,Arizona,35.395550,-109.488823
04003,Cochise,Arizona,31.879597,-109.751153
04005,Coconino,Arizona,35.838729,-111.770502
04007,Gila,Arizona,33.799745,-110.811731
04009,Graham,Arizona,32.932701,-109.887413
04011,Greenlee,Arizona,33.215258,-109.240129
04012,La Paz,Arizona,33.729257,-113.981291
04013,Maricopa,Arizona,33.348826,-112.491276
04015,Mohave,Arizona,35.704525,-113.758203
04017,Navajo,Arizona,35.399640,-110.321397
04019,Pima,Arizona,32.097411,-111.789896
04021,Pinal,Arizona,32.904359,-111.344678
04023,Santa Cruz,Arizona,31.526009,-110.846555
04025,Yavapai,Arizona,34.599899,-112.553902
04027,Yuma,Arizona,32.769402,-113.905541
05001,Arkansas,Arkansas,34.290814,-91.374914
05003,Ashley,Arkansas,33.191211,-91.768458
05005,Baxter,Arkansas,36.287217,-92.336943
05007,Benton,Arkansas,36.338723,-94.256196
05009,Boone,Arkansas,36.308583,-93.091489
05011,Bradley,Arkansas,33.466429,-92.162383
05013,Calhoun,Arkansas,33.558031,-92.503045
05015,Carroll,Arkansas,36.341011,-93.538170
05017,Chicot,Arkansas,33.267216,-91.293983
05019,Clark,Arkansas,34.050979,-93.176357
05021,Clay,Arkansas,36.368339,-90.417397
05023,Cleburne,Arkansas,35.538098,-92.026729
05025,Cleveland,Arkansas,33.898370,-92.185177
05027,Columbia,Arkansas,33.214288,-93.227316
05029,Conway,Arkansas,35.262228,-92.701304
05031,Craighead,Arkansas,35.830796,-90.632846
05033,Crawford,Arkansas,35.588814,-94.243078
05035,Crittenden,Arkansas,35.207946,-90.308840
05037,Cross,Arkansas,35.295726,-90.771224
05039,Dallas,Arkansas,33.969828,-92.654438
05041,Desha,Arkansas,33.833261,-91.254003
05043,Drew,Arkansas,33.589443,-91.720007
05045,Faulkner,Arkansas,35.146972,-92.332050
05047,Franklin,Arkansas,35.512317,-93.890631
05049,Fulton,Arkansas,36.381674,-91.818194
05051,Garland,Arkansas,34.576664,-93.150441
05053,Grant,Arkansas,34.290000,-92.423610
05055,Greene,Arkansas,36.117674,-90.559069
05057,Hempstead,Arkansas,33.735300,-93.668469
05059,Hot Spring,Arkansas,34.317654,-92.945929
05061,Howard,Arkansas,34.088764,-93.993496
05063,Independence,Arkansas,35.741573,-91.569705
05065,Izard,Arkansas,36.094879,-91.913416
05067,Jackson,Arkansas,35.599243,-91.214551
05069,Jefferson,Arkansas,34.268776,-91.931517
05071,Johnson,Arkansas,35.570063,-93.459904
05073,Lafayette,Arkansas,33.240948,-93.607052
05075,Lawrence,Arkansas,36.041251,-91.107105
05077,Lee,Arkansas,34.780690,-90.782394
05079,Lincoln,Arkansas,33.957431,-91.733326
05081,Little River,Arkansas,33.700536,-94.234325
05083,Logan,Arkansas,35.215271,-93.716364
05085,Lonoke,Arkansas,34.754259,-91.888670
05087,Madison,Arkansas,36.010969,-93.724562
05089,Marion,Arkansas,36.268358,-92.684215
05091,Miller,Arkansas,33.312090,-93.891555
05093,Mississippi,Arkansas,35.763849,-90.054199
05095,Monroe,Arkansas,34.677840,-91.203893
05097,Montgomery,Arkansas,34.538793,-93.659540
05099,Nevada,Arkansas,33.663953,-93.307175
05101,Newton,Arkansas,35.919961,-93.217882
05103,Ouachita,Arkansas,33.593364,-92.881938
05105,Perry,Arkansas,34.947373,-92.931453
05107,Phillips,Arkansas,34.428196,-90.848024
05109,Pike,Arkansas,34.163493,-93.656333
05111,Poinsett,Arkansas,35.574031,-90.662972
05113,Polk,Arkansas,34.485864,-94.228079
05115,Pope,Arkansas,35.447620,-93.034158
05117,Prairie,Arkansas,34.829811,-91.552788
05119,Pulaski,Arkansas,34.769918,-92.311787
05121,Randolph,Arkansas,36.341463,-91.027723
05123,St. Francis,Arkansas,35.022020,-90.747779
05125,Saline,Arkansas,34.646592,-92.676524
05127,Scott,Arkansas,34.860771,-94.063245
05129,Searcy,Arkansas,35.910884,-92.699506
05131,Sebastian,Arkansas,35.199183,-94.273918
05133,Sevier,Arkansas,33.997176,-94.241172
05135,Sharp,Arkansas,36.161112,-91.479868
05137,Stone,Arkansas,35.859871,-92.156701
05139,Union,Arkansas,33.171298,-92.597267
05141,Van Buren,Arkansas,35.580642,-92.515700
05143,Washington,Arkansas,35.979059,-94.215580
05145,White,Arkansas,35.256282,-91.745548
05147,Woodruff,Arkansas,35.186282,-91.243057
05149,Yell,Arkansas,35.002617,-93.411250
06001,Alameda,California,37.646163,-121.890442
06003,Alpine,California,38.597195,-119.820674
06005,Amador,California,38.446392,-120.651097
06007,Butte,California,39.666935,-121.600679
06009,Calaveras,California,38.204599,-120.554125
06011,Colusa,California,39.177503,-122.236967
06013,Contra Costa,California,37.919139,-121.927842
06015,Del Norte,California,41.743072,-123.897082
06017,El Dorado,California,38.778731,-120.524659
06019,Fresno,California,36.758194,-119.649288
06021,Glenn,California,39.598211,-122.391969
06023,Humboldt,California,40.699254,-123.875658
06025,Imperial,California,33.039503,-115.365339
06027,Inyo,California,36.511112,-117.410753
06029,Kern,California,35.342860,-118.729961
06031,Kings,California,36.075407,-119.815477
06033,Lake,California,39.099639,-122.753181
06035,Lassen,California,40.673590,-120.594298
06037,Los Angeles,California,34.321216,-118.224499
06039,Madera,California,37.217982,-119.762686
06041,Marin,California,38.072832,-122.722642
06043,Mariposa,California,37.581507,-119.905444
06045,Mendocino,California,39.440350,-123.391472
06047,Merced,California,37.191853,-120.717673
06049,Modoc,California,41.589846,-120.724951
06051,Mono,California,37.939022,-118.886743
06053,Monterey,California,36.217155,-121.239002
06055,Napa,California,38.506471,-122.330519
06057,Nevada,California,39.301362,-120.768455
06059,Orange,California,33.702837,-117.761145
06061,Placer,California,39.063453,-120.717635
06063,Plumas,California,40.004654,-120.838557
06065,Riverside,California,33.743677,-115.993768
06067,Sacramento,California,38.449379,-121.344282
06069,San Benito,California,36.605670,-121.074950
06071,San Bernardino,California,34.841448,-116.178410
06073,San Diego,California,33.034102,-116.735112
06075,San Francisco,California,37.755755,-122.448817
06077,San Joaquin,California,37.934892,-121.271443
06079,San Luis Obispo,California,35.387112,-120.404379
06081,San Mateo,California,37.423451,-122.327136
06083,Santa Barbara,California,34.672960,-120.016428
06085,Santa Clara,California,37.232477,-121.696266
06087,Santa Cruz,California,37.056218,-122.001770
06089,Shasta,California,40.763738,-122.040508
06091,Sierra,California,39.580332,-120.515993
06093,Siskiyou,California,41.592655,-122.540376
06095,Solano,California,38.270370,-121.931760
06097,Sonoma,California,38.528446,-122.887234
06099,Stanislaus,California,37.559169,-120.997739
06101,Sutter,California,39.034546,-121.694840
06103,Tehama,California,40.125625,-122.234061
06105,Trinity,California,40.650706,-123.112626
06107,Tulare,California,36.220161,-118.800495
06109,Tuolumne,California,38.027582,-119.954745
06111,Ventura,California,34.456351,-119.083701
06113,Yolo,California,38.686615,-121.901602
06115,Yuba,California,39.269083,-121.351250
08001,Adams,Colorado,39.873620,-104.337893
08003,Alamosa,Colorado,37.572920,-105.788321
08005,Arapahoe,Colorado,39.649736,-104.339118
08007,Archuleta,Colorado,37.193539,-107.048288
08009,Baca,Colorado,37.319191,-102.560453
08011,Bent,Colorado,37.955081,-103.071670
08013,Boulder,Colorado,40.092480,-105.357742
08014,Broomfield,Colorado,39.954189,-105.052793
08015,Chaffee,Colorado,38.747010,-106.194130
08017,Cheyenne,Colorado,38.827935,-102.603516
08019,Clear Creek,Colorado,39.689176,-105.644391
08021,Conejos,Colorado,37.200699,-106.191613
08023,Costilla,Colorado,37.278113,-105.428266
08025,Crowley,Colorado,38.326588,-103.784495
08027,Custer,Colorado,38.108655,-105.367538
08029,Delta,Colorado,38.861355,-107.862891
08031,Denver,Colorado,39.761984,-104.876473
08033,Dolores,Colorado,37.751658,-108.517377
08035,Douglas,Colorado,39.329708,-104.929575
08037,Eagle,Colorado,39.627822,-106.695357
08039,Elbert,Colorado,39.286526,-104.135962
08041,El Paso,Colorado,38.832148,-104.525470
08043,Fremont,Colorado,38.472958,-105.439689
08045,Garfield,Colorado,39.599325,-107.903999
08047,Gilpin,Colorado,39.857565,-105.522537
08049,Grand,Colorado,40.102623,-106.118334
08051,Gunnison,Colorado,38.666738,-107.031604
08053,Hinsdale,Colorado,37.821263,-107.300325
08055,Huerfano,Colorado,37.684682,-104.960600
08057,Jackson,Colorado,40.666444,-106.342797
08059,Jefferson,Colorado,39.586446,-105.250477
08061,Kiowa,Colorado,38.432691,-102.740316
08063,Kit Carson,Colorado,39.305450,-102.602883
08065,Lake,Colorado,39.202475,-106.344778
08067,La Plata,Colorado,37.286555,-107.843329
08069,Larimer,Colorado,40.666368,-105.461159
08071,Las Animas,Colorado,37.315819,-104.038745
08073,Lincoln,Colorado,38.988138,-103.513939
08075,Logan,Colorado,40.724689,-103.110147
08077,Mesa,Colorado,39.018289,-108.466445
08079,Mineral,Colorado,37.668973,-106.924159
08081,Moffat,Colorado,40.618398,-108.207422
08083,Montezuma,Colorado,37.338566,-108.596573
08085,Montrose,Colorado,38.402197,-108.269317
08087,Morgan,Colorado,40.262600,-103.809734
08089,Otero,Colorado,37.902662,-103.716382
08091,Ouray,Colorado,38.155488,-107.769282
08093,Park,Colorado,39.119335,-105.717115
08095,Phillips,Colorado,40.593922,-102.357618
08097,Pitkin,Colorado,39.217066,-106.916578
08099,Prowers,Colorado,37.955180,-102.393344
08101,Pueblo,Colorado,38.173565,-104.512730
08103,Rio Blanco,Colorado,39.979870,-108.217107
08105,Rio Grande,Colorado,37.582521,-106.383321
08107,Routt,Colorado,40.485162,-106.991259
08109,Saguache,Colorado,38.080519,-106.281492
08111,San Juan,Colorado,37.764053,-107.676147
08113,San Miguel,Colorado,38.003747,-108.405785
08115,Sedgwick,Colorado,40.875894,-102.351803
08117,Summit,Colorado,39.634172,-106.116366
08119,Teller,Colorado,38.882141,-105.161785
08121,Washington,Colorado,39.970987,-103.201252
08123,Weld,Colorado,40.554839,-104.392463
08125,Yuma,Colorado,40.002924,-102.424260
09001,Fairfield,null,41.271114,-73.389184
09003,Hartford,null,41.806378,-72.732832
09005,Litchfield,null,41.792501,-73.245308
09007,Middlesex,null,41.463132,-72.534935
09009,New Haven,null,41.410534,-72.932285
09011,New London,null,41.486835,-72.102109
09013,Tolland,null,41.855048,-72.336479
09015,Windham,null,41.829933,-71.987512
10001,Kent,Delaware,39.086281,-75.568206
10003,New Castle,Delaware,39.581442,-75.647828
10005,Sussex,Delaware,38.660713,-75.389981
11001,District of Columbia,null,38.904727,-77.016300
12001,Alachua,Florida,29.674758,-82.357734
12003,Baker,Florida,30.331238,-82.284634
12005,Bay,Florida,30.265067,-85.620242
12007,Bradford,Florida,29.949962,-82.168739
12009,Brevard,Florida,28.293514,-80.732212
12011,Broward,Florida,26.152328,-80.487256
12013,Calhoun,Florida,30.405997,-85.197220
12015,Charlotte,Florida,26.905815,-81.911754
12017,Citrus,Florida,28.848936,-82.477029
12019,Clay,Florida,29.983060,-81.857862
12021,Collier,Florida,26.117073,-81.344649
12023,Columbia,Florida,30.224250,-82.621546
12027,DeSoto,Florida,27.186347,-81.809413
12029,Dixie,Florida,29.608016,-83.158786
12031,Duval,Florida,30.331712,-81.670631
12033,Escambia,Florida,30.667957,-87.362439
12035,Flagler,Florida,29.461435,-81.313575
12037,Franklin,Florida,29.873751,-84.808862
12039,Gadsden,Florida,30.579478,-84.613598
12041,Gilchrist,Florida,29.725841,-82.800373
12043,Glades,Florida,26.956474,-81.188976
12045,Gulf,Florida,29.953981,-85.223447
12047,Hamilton,Florida,30.496384,-82.947945
12049,Hardee,Florida,27.492692,-81.809918
12051,Hendry,Florida,26.553498,-81.165872
12053,Hernando,Florida,28.553845,-82.425540
12055,Highlands,Florida,27.343381,-81.341007
12057,Hillsborough,Florida,27.929213,-82.309590
12059,Holmes,Florida,30.867910,-85.814037
12061,Indian River,Florida,27.694277,-80.606368
12063,Jackson,Florida,30.795409,-85.215469
12065,Jefferson,Florida,30.437762,-83.895186
12067,Lafayette,Florida,29.985490,-83.181056
12069,Lake,Florida,28.761512,-81.711265
12071,Lee,Florida,26.577426,-81.835396
12073,Leon,Florida,30.458089,-84.277799
12075,Levy,Florida,29.319308,-82.742543
12077,Liberty,Florida,30.241377,-84.882913
12079,Madison,Florida,30.444103,-83.470125
12081,Manatee,Florida,27.471909,-82.315575
12083,Marion,Florida,29.210202,-82.056655
12085,Martin,Florida,27.077453,-80.431250
12086,Miami-Dade,Florida,25.612556,-80.561437
12087,Monroe,Florida,25.375117,-81.077367
12089,Nassau,Florida,30.610319,-81.801766
12091,Okaloosa,Florida,30.690921,-86.591793
12093,Okeechobee,Florida,27.386265,-80.888565
12095,Orange,Florida,28.514417,-81.323483
12097,Osceola,Florida,28.062672,-81.149452
12099,Palm Beach,Florida,26.647604,-80.465461
12101,Pasco,Florida,28.308932,-82.393905
12103,Pinellas,Florida,27.921609,-82.723541
12105,Polk,Florida,27.948886,-81.697618
12107,Putnam,Florida,29.608643,-81.744324
12109,St. Johns,Florida,29.901712,-81.440631
12111,St. Lucie,Florida,27.377535,-80.470903
12113,Santa Rosa,Florida,30.700372,-87.021946
12115,Sarasota,Florida,27.184487,-82.331605
12117,Seminole,Florida,28.716985,-81.236303
12119,Sumter,Florida,28.704749,-82.080978
12121,Suwannee,Florida,30.195597,-82.991495
12123,Taylor,Florida,30.047230,-83.603340
12125,Union,Florida,30.043861,-82.371429
12127,Volusia,Florida,29.058370,-81.181955
12129,Wakulla,Florida,30.168478,-84.401446
12131,Walton,Florida,30.643429,-86.169717
12133,Washington,Florida,30.610599,-85.665315
13001,Appling,Georgia,31.749310,-82.289005
13003,Atkinson,Georgia,31.297148,-82.880089
13005,Bacon,Georgia,31.553663,-82.452690
13007,Baker,Georgia,31.326146,-84.444704
13009,Baldwin,Georgia,33.068940,-83.249816
13011,Banks,Georgia,34.354156,-83.497386
13013,Barrow,Georgia,33.993185,-83.712753
13015,Bartow,Georgia,34.237853,-84.840498
13017,Ben Hill,Georgia,31.759794,-83.220508
13019,Berrien,Georgia,31.275992,-83.229641
13021,Bibb,Georgia,32.806575,-83.697732
13023,Bleckley,Georgia,32.434450,-83.327837
13025,Brantley,Georgia,31.196879,-81.981890
13027,Brooks,Georgia,30.841975,-83.580209
13029,Bryan,Georgia,32.014601,-81.443753
13031,Bulloch,Georgia,32.396804,-81.743186
13033,Burke,Georgia,33.061079,-82.000872
13035,Butts,Georgia,33.287853,-83.957165
13037,Calhoun,Georgia,31.529205,-84.624526
13039,Camden,Georgia,30.930527,-81.670325
13043,Candler,Georgia,32.403452,-82.073662
13045,Carroll,Georgia,33.582812,-85.079748
13047,Catoosa,Georgia,34.903623,-85.138251
13049,Charlton,Georgia,30.781790,-82.137840
13051,Chatham,Georgia,32.004240,-81.132506
13053,Chattahoochee,Georgia,32.347073,-84.786847
13055,Chattooga,Georgia,34.475025,-85.345312
13057,Cherokee,Georgia,34.243947,-84.476211
13059,Clarke,Georgia,33.951172,-83.367337
13061,Clay,Georgia,31.626243,-84.980058
13063,Clayton,Georgia,33.541867,-84.357681
13065,Clinch,Georgia,30.914977,-82.706243
13067,Cobb,Georgia,33.941464,-84.576663
13069,Coffee,Georgia,31.549308,-82.849163
13071,Colquitt,Georgia,31.188376,-83.768827
13073,Columbia,Georgia,33.544216,-82.264036
13075,Cook,Georgia,31.153999,-83.430468
13077,Coweta,Georgia,33.353464,-84.763388
13079,Crawford,Georgia,32.714511,-83.986327
13081,Crisp,Georgia,31.922807,-83.768084
13083,Dade,Georgia,34.854556,-85.504519
13085,Dawson,Georgia,34.444290,-84.170598
13087,Decatur,Georgia,30.878335,-84.579050
13089,DeKalb,Georgia,33.771515,-84.226417
13091,Dodge,Georgia,32.172195,-83.168415
13093,Dooly,Georgia,32.157177,-83.798741
13095,Dougherty,Georgia,31.533472,-84.216377
13097,Douglas,Georgia,33.701839,-84.767915
13099,Early,Georgia,31.322817,-84.903636
13101,Echols,Georgia,30.710057,-82.893941
13103,Effingham,Georgia,32.367404,-81.341327
13105,Elbert,Georgia,34.116784,-82.840141
13107,Emanuel,Georgia,32.589748,-82.301699
13109,Evans,Georgia,32.156757,-81.886892
13111,Fannin,Georgia,34.864111,-84.319791
13113,Fayette,Georgia,33.413945,-84.494184
13115,Floyd,Georgia,34.263186,-85.214266
13117,Forsyth,Georgia,34.225525,-84.125022
13119,Franklin,Georgia,34.375421,-83.229210
13121,Fulton,Georgia,33.790259,-84.467010
13123,Gilmer,Georgia,34.691262,-84.455578
13125,Glascock,Georgia,33.229273,-82.610703
13127,Glynn,Georgia,31.230673,-81.539578
13129,Gordon,Georgia,34.503350,-84.875745
13131,Grady,Georgia,30.874672,-84.234437
13133,Greene,Georgia,33.578803,-83.166647
13135,Gwinnett,Georgia,33.961721,-84.023622
13137,Habersham,Georgia,34.631042,-83.531090
13139,Hall,Georgia,34.316890,-83.819677
13141,Hancock,Georgia,33.270265,-83.000989
13143,Haralson,Georgia,33.794216,-85.211023
13145,Harris,Georgia,32.736262,-84.909348
13147,Hart,Georgia,34.350904,-82.964164
13149,Heard,Georgia,33.297000,-85.128375
13151,Henry,Georgia,33.453022,-84.154204
13153,Houston,Georgia,32.459001,-83.666239
13155,Irwin,Georgia,31.602226,-83.276310
13157,Jackson,Georgia,34.133883,-83.566370
13159,Jasper,Georgia,33.316413,-83.688053
13161,Jeff Davis,Georgia,31.805528,-82.637001
13163,Jefferson,Georgia,33.054853,-82.418184
13165,Jenkins,Georgia,32.792490,-81.963532
13167,Johnson,Georgia,32.701486,-82.660104
13169,Jones,Georgia,33.025133,-83.560498
13171,Lamar,Georgia,33.076517,-84.139456
13173,Lanier,Georgia,31.037856,-83.062721
13175,Laurens,Georgia,32.463641,-82.922245
13177,Lee,Georgia,31.779566,-84.141100
13179,Liberty,Georgia,31.828002,-81.494618
13181,Lincoln,Georgia,33.793643,-82.451158
13183,Long,Georgia,31.752553,-81.745713
13185,Lowndes,Georgia,30.833830,-83.267727
13187,Lumpkin,Georgia,34.572183,-84.002678
13189,McDuffie,Georgia,33.482844,-82.481358
13191,McIntosh,Georgia,31.495178,-81.407244
13193,Macon,Georgia,32.358403,-84.042492
13195,Madison,Georgia,34.127791,-83.209046
13197,Marion,Georgia,32.353390,-84.524620
13199,Meriwether,Georgia,33.040683,-84.688315
13201,Miller,Georgia,31.164011,-84.730774
13205,Mitchell,Georgia,31.225318,-84.194310
13207,Monroe,Georgia,33.014093,-83.918689
13209,Montgomery,Georgia,32.173421,-82.534766
13211,Morgan,Georgia,33.590805,-83.492370
13213,Murray,Georgia,34.788441,-84.748092
13215,Muscogee,Georgia,32.510051,-84.876928
13217,Newton,Georgia,33.555029,-83.850182
13219,Oconee,Georgia,33.834943,-83.437088
13221,Oglethorpe,Georgia,33.880666,-83.080717
13223,Paulding,Georgia,33.920542,-84.867286
13225,Peach,Georgia,32.568768,-83.826876
13227,Pickens,Georgia,34.464345,-84.465620
13229,Pierce,Georgia,31.358760,-82.212740
13231,Pike,Georgia,33.092290,-84.389228
13233,Polk,Georgia,34.001783,-85.188150
13235,Pulaski,Georgia,32.232268,-83.475972
13237,Putnam,Georgia,33.321755,-83.372805
13239,Quitman,Georgia,31.867343,-85.018753
13241,Rabun,Georgia,34.881671,-83.402375
13243,Randolph,Georgia,31.762661,-84.754154
13245,Richmond,Georgia,33.359813,-82.073931
13247,Rockdale,Georgia,33.654242,-84.026581
13249,Schley,Georgia,32.261599,-84.314716
13251,Screven,Georgia,32.751019,-81.611846
13253,Seminole,Georgia,30.938775,-84.868834
13255,Spalding,Georgia,33.260880,-84.284090
13257,Stephens,Georgia,34.553968,-83.293195
13259,Stewart,Georgia,32.078239,-84.835010
13261,Sumter,Georgia,32.039946,-84.197027
13263,Talbot,Georgia,32.699505,-84.533017
13265,Taliaferro,Georgia,33.566123,-82.878758
13267,Tattnall,Georgia,32.045797,-82.058130
13269,Taylor,Georgia,32.555474,-84.250476
13271,Telfair,Georgia,31.929808,-82.938998
13273,Terrell,Georgia,31.776985,-84.436964
13275,Thomas,Georgia,30.863759,-83.919319
13277,Tift,Georgia,31.457446,-83.526589
13279,Toombs,Georgia,32.121586,-82.331208
13281,Towns,Georgia,34.916637,-83.737302
13283,Treutlen,Georgia,32.403868,-82.567279
13285,Troup,Georgia,33.033509,-85.028344
13287,Turner,Georgia,31.716313,-83.624009
13289,Twiggs,Georgia,32.667210,-83.427085
13291,Union,Georgia,34.834083,-83.990778
13293,Upson,Georgia,32.881277,-84.299358
13295,Walker,Georgia,34.735665,-85.301004
13297,Walton,Georgia,33.781557,-83.733857
13299,Ware,Georgia,31.053784,-82.423742
13301,Warren,Georgia,33.408945,-82.676747
13303,Washington,Georgia,32.969556,-82.795942
13305,Wayne,Georgia,31.551461,-81.916738
13307,Webster,Georgia,32.046642,-84.551051
13309,Wheeler,Georgia,32.117052,-82.724593
13311,White,Georgia,34.646365,-83.747115
13313,Whitfield,Georgia,34.805611,-84.967217
13315,Wilcox,Georgia,31.972862,-83.432330
13317,Wilkes,Georgia,33.781944,-82.743209
13319,Wilkinson,Georgia,32.802394,-83.171238
13321,Worth,Georgia,31.551487,-83.850877
15001,Hawaii,null,19.601235,-155.521168
15003,Honolulu,null,21.558832,-158.282718
15005,Kalawao,null,21.172352,-156.950194
15007,Kauai,null,22.041730,-159.600774
15009,Maui,null,20.862474,-156.566777
16001,Ada,Idaho,43.451158,-116.241159
16003,Adams,Idaho,44.889680,-116.453943
16005,Bannock,Idaho,42.668491,-112.224619
16007,Bear Lake,Idaho,42.284752,-111.329615
16009,Benewah,Idaho,47.217542,-116.658830
16011,Bingham,Idaho,43.216529,-112.398068
16013,Blaine,Idaho,43.412396,-113.979831
16015,Boise,Idaho,43.989119,-115.730277
16017,Bonner,Idaho,48.299732,-116.600991
16019,Bonneville,Idaho,43.387749,-111.614903
16021,Boundary,Idaho,48.766979,-116.462859
16023,Butte,Idaho,43.723304,-113.171134
16025,Camas,Idaho,43.463262,-114.805849
16027,Canyon,Idaho,43.625179,-116.709357
16029,Caribou,Idaho,42.770523,-111.562265
16031,Cassia,Idaho,42.283880,-113.600341
16033,Clark,Idaho,44.284111,-112.351531
16035,Clearwater,Idaho,46.673635,-115.656381
16037,Custer,Idaho,44.241332,-114.281673
16039,Elmore,Idaho,43.353905,-115.469215
16041,Franklin,Idaho,42.181223,-111.813230
16043,Fremont,Idaho,44.229014,-111.481889
16045,Gem,Idaho,44.061799,-116.397174
16047,Gooding,Idaho,42.970896,-114.811474
16049,Idaho,Idaho,45.844109,-115.467129
16051,Jefferson,Idaho,43.820177,-112.311285
16053,Jerome,Idaho,42.689903,-114.264020
16055,Kootenai,Idaho,47.674540,-116.700027
16057,Latah,Idaho,46.816125,-116.711671
16059,Lemhi,Idaho,44.943478,-113.933638
16061,Lewis,Idaho,46.237024,-116.426268
16063,Lincoln,Idaho,43.002421,-114.138349
16065,Madison,Idaho,43.784202,-111.659330
16067,Minidoka,Idaho,42.854378,-113.637536
16069,Nez Perce,Idaho,46.326799,-116.750136
16071,Oneida,Idaho,42.194878,-112.539610
16073,Owyhee,Idaho,42.581530,-116.169972
16075,Payette,Idaho,44.006740,-116.760328
16077,Power,Idaho,42.693654,-112.840660
16079,Shoshone,Idaho,47.351797,-115.891278
16081,Teton,Idaho,43.759450,-111.207674
16083,Twin Falls,Idaho,42.355955,-114.667132
16085,Valley,Idaho,44.766713,-115.566142
16087,Washington,Idaho,44.452565,-116.784823
17001,Adams,Illinois,39.987861,-91.188530
17003,Alexander,Illinois,37.191525,-89.337557
17005,Bond,Illinois,38.886827,-89.435560
17007,Boone,Illinois,42.323072,-88.823359
17009,Brown,Illinois,39.961824,-90.750345
17011,Bureau,Illinois,41.404147,-89.528675
17013,Calhoun,Illinois,39.169231,-90.667519
17015,Carroll,Illinois,42.068622,-89.934333
17017,Cass,Illinois,39.973553,-90.247419
17019,Champaign,Illinois,40.140092,-88.199207
17021,Christian,Illinois,39.545775,-89.277253
17023,Clark,Illinois,39.333665,-87.787707
17025,Clay,Illinois,38.754174,-88.490180
17027,Clinton,Illinois,38.606443,-89.422491
17029,Coles,Illinois,39.520285,-88.221810
17031,Cook,Illinois,41.839933,-87.816903
17033,Crawford,Illinois,39.003333,-87.759393
17035,Cumberland,Illinois,39.273314,-88.240219
17037,DeKalb,Illinois,41.893533,-88.770309
17039,De Witt,Illinois,40.174612,-88.904080
17041,Douglas,Illinois,39.769460,-88.217345
17043,DuPage,Illinois,41.851945,-88.085670
17045,Edgar,Illinois,39.678568,-87.745593
17047,Edwards,Illinois,38.416525,-88.053277
17049,Effingham,Illinois,39.059783,-88.589882
17051,Fayette,Illinois,39.000186,-89.024149
17053,Ford,Illinois,40.597205,-88.223256
17055,Franklin,Illinois,37.992294,-88.924154
17057,Fulton,Illinois,40.472752,-90.207469
17059,Gallatin,Illinois,37.763545,-88.228891
17061,Greene,Illinois,39.356218,-90.390467
17063,Grundy,Illinois,41.285111,-88.418481
17065,Hamilton,Illinois,38.081561,-88.539105
17067,Hancock,Illinois,40.403777,-91.164711
17069,Hardin,Illinois,37.518200,-88.266695
17071,Henderson,Illinois,40.818090,-90.925098
17073,Henry,Illinois,41.353135,-90.131396
17075,Iroquois,Illinois,40.747230,-87.824346
17077,Jackson,Illinois,37.785142,-89.382127
17079,Jasper,Illinois,39.010006,-88.153821
17081,Jefferson,Illinois,38.300531,-88.924004
17083,Jersey,Illinois,39.085688,-90.356676
17085,Jo Daviess,Illinois,42.365685,-90.212411
17087,Johnson,Illinois,37.459623,-88.880915
17089,Kane,Illinois,41.938928,-88.428652
17091,Kankakee,Illinois,41.137707,-87.861832
17093,Kendall,Illinois,41.590556,-88.428849
17095,Knox,Illinois,40.931806,-90.213271
17097,Lake,Illinois,42.323184,-88.003812
17099,LaSalle,Illinois,41.343980,-88.885958
17101,Lawrence,Illinois,38.720273,-87.726835
17103,Lee,Illinois,41.746192,-89.300377
17105,Livingston,Illinois,40.891560,-88.557716
17107,Logan,Illinois,40.124563,-89.367540
17109,McDonough,Illinois,40.456207,-90.677924
17111,McHenry,Illinois,42.324463,-88.452389
17113,McLean,Illinois,40.490880,-88.847335
17115,Macon,Illinois,39.859977,-88.961611
17117,Macoupin,Illinois,39.261007,-89.924430
17119,Madison,Illinois,38.829868,-89.905143
17121,Marion,Illinois,38.649605,-88.918979
17123,Marshall,Illinois,41.033160,-89.344766
17125,Mason,Illinois,40.239650,-89.916776
17127,Massac,Illinois,37.218917,-88.707724
17129,Menard,Illinois,40.027395,-89.802190
17131,Mercer,Illinois,41.205342,-90.741438
17133,Monroe,Illinois,38.278539,-90.177368
17135,Montgomery,Illinois,39.231030,-89.478878
17137,Morgan,Illinois,39.715561,-90.201476
17139,Moultrie,Illinois,39.641426,-88.619283
17141,Ogle,Illinois,42.042646,-89.320666
17143,Peoria,Illinois,40.788056,-89.759988
17145,Perry,Illinois,38.083755,-89.367011
17147,Piatt,Illinois,40.010353,-88.591100
17149,Pike,Illinois,39.622494,-90.886279
17151,Pope,Illinois,37.412665,-88.561541
17153,Pulaski,Illinois,37.222873,-89.127017
17155,Putnam,Illinois,41.204457,-89.285840
17157,Randolph,Illinois,38.052127,-89.825323
17159,Richland,Illinois,38.712345,-88.085087
17161,Rock Island,Illinois,41.467322,-90.567321
17163,St. Clair,Illinois,38.470291,-89.928398
17165,Saline,Illinois,37.753182,-88.540797
17167,Sangamon,Illinois,39.758166,-89.658887
17169,Schuyler,Illinois,40.158026,-90.615071
17171,Scott,Illinois,39.644125,-90.474698
17173,Shelby,Illinois,39.391139,-88.805557
17175,Stark,Illinois,41.093326,-89.797513
17177,Stephenson,Illinois,42.351715,-89.662350
17179,Tazewell,Illinois,40.507527,-89.513423
17181,Union,Illinois,37.471231,-89.255122
17183,Vermilion,Illinois,40.183442,-87.732844
17185,Wabash,Illinois,38.446150,-87.844176
17187,Warren,Illinois,40.848820,-90.614997
17189,Washington,Illinois,38.352161,-89.410452
17191,Wayne,Illinois,38.429581,-88.425622
17193,White,Illinois,38.086750,-88.179714
17195,Whiteside,Illinois,41.756277,-89.914083
17197,Will,Illinois,41.445028,-87.978560
17199,Williamson,Illinois,37.730249,-88.929934
17201,Winnebago,Illinois,42.336259,-89.160848
17203,Woodford,Illinois,40.788219,-89.211150
18001,Adams,Indiana,40.745630,-84.936604
18003,Allen,Indiana,41.090874,-85.066569
18005,Bartholomew,Indiana,39.205996,-85.897608
18007,Benton,Indiana,40.606257,-87.310936
18009,Blackford,Indiana,40.473640,-85.324836
18011,Boone,Indiana,40.050808,-86.468682
18013,Brown,Indiana,39.196209,-86.227424
18015,Carroll,Indiana,40.582845,-86.563506
18017,Cass,Indiana,40.761520,-86.345974
18019,Clark,Indiana,38.477294,-85.707323
18021,Clay,Indiana,39.392776,-87.115785
18023,Clinton,Indiana,40.301702,-86.475152
18025,Crawford,Indiana,38.292369,-86.451700
18027,Daviess,Indiana,38.702406,-87.072049
18029,Dearborn,Indiana,39.145239,-84.973326
18031,Decatur,Indiana,39.306986,-85.501104
18033,DeKalb,Indiana,41.397565,-84.999067
18035,Delaware,Indiana,40.227542,-85.396904
18037,Dubois,Indiana,38.364272,-86.879831
18039,Elkhart,Indiana,41.597393,-85.858767
18041,Fayette,Indiana,39.640028,-85.178750
18043,Floyd,Indiana,38.319005,-85.906962
18045,Fountain,Indiana,40.120876,-87.241988
18047,Franklin,Indiana,39.414835,-85.060221
18049,Fulton,Indiana,41.046964,-86.263547
18051,Gibson,Indiana,38.311928,-87.583950
18053,Grant,Indiana,40.515810,-85.654713
18055,Greene,Indiana,39.036332,-86.962055
18057,Hamilton,Indiana,40.072489,-86.052027
18059,Hancock,Indiana,39.823555,-85.773241
18061,Harrison,Indiana,38.195257,-86.111460
18063,Hendricks,Indiana,39.769524,-86.509971
18065,Henry,Indiana,39.931068,-85.396432
18067,Howard,Indiana,40.483602,-86.116965
18069,Huntington,Indiana,40.829223,-85.488126
18071,Jackson,Indiana,38.906436,-86.037535
18073,Jasper,Indiana,41.022994,-87.116105
18075,Jay,Indiana,40.437960,-85.005710
18077,Jefferson,Indiana,38.785771,-85.438553
18079,Jennings,Indiana,38.996919,-85.628051
18081,Johnson,Indiana,39.489970,-86.101599
18083,Knox,Indiana,38.689785,-87.417680
18085,Kosciusko,Indiana,41.244091,-85.860727
18087,LaGrange,Indiana,41.642623,-85.426491
18089,Lake,Indiana,41.417206,-87.382082
18091,LaPorte,Indiana,41.546087,-86.740065
18093,Lawrence,Indiana,38.841155,-86.483442
18095,Madison,Indiana,40.161659,-85.719348
18097,Marion,Indiana,39.781708,-86.138480
18099,Marshall,Indiana,41.324841,-86.261776
18101,Martin,Indiana,38.708013,-86.803045
18103,Miami,Indiana,40.769456,-86.045045
18105,Monroe,Indiana,39.160918,-86.523161
18107,Montgomery,Indiana,40.040398,-86.893302
18109,Morgan,Indiana,39.481568,-86.446220
18111,Newton,Indiana,40.955840,-87.397579
18113,Noble,Indiana,41.398600,-85.417507
18115,Ohio,Indiana,38.950053,-84.965109
18117,Orange,Indiana,38.541777,-86.495054
18119,Owen,Indiana,39.312794,-86.837692
18121,Parke,Indiana,39.773631,-87.206375
18123,Perry,Indiana,38.079646,-86.638031
18125,Pike,Indiana,38.398793,-87.232149
18127,Porter,Indiana,41.460531,-87.067260
18129,Posey,Indiana,38.024196,-87.865403
18131,Pulaski,Indiana,41.041853,-86.698793
18133,Putnam,Indiana,39.666260,-86.845000
18135,Randolph,Indiana,40.157588,-85.011442
18137,Ripley,Indiana,39.103460,-85.262371
18139,Rush,Indiana,39.619948,-85.465774
18141,St. Joseph,Indiana,41.616659,-86.289885
18143,Scott,Indiana,38.685078,-85.747484
18145,Shelby,Indiana,39.523694,-85.791680
18147,Spencer,Indiana,38.014186,-87.007717
18149,Starke,Indiana,41.280935,-86.647633
18151,Steuben,Indiana,41.643883,-85.000847
18153,Sullivan,Indiana,39.089053,-87.414002
18155,Switzerland,Indiana,38.826160,-85.036997
18157,Tippecanoe,Indiana,40.388606,-86.894066
18159,Tipton,Indiana,40.311350,-86.051851
18161,Union,Indiana,39.625545,-84.925091
18163,Vanderburgh,Indiana,38.025413,-87.585729
18165,Vermillion,Indiana,39.853798,-87.463975
18167,Vigo,Indiana,39.430815,-87.389628
18169,Wabash,Indiana,40.845636,-85.794000
18171,Warren,Indiana,40.346933,-87.353302
18173,Warrick,Indiana,38.092233,-87.272075
18175,Washington,Indiana,38.599988,-86.105315
18177,Wayne,Indiana,39.864383,-85.009836
18179,Wells,Indiana,40.729215,-85.221165
18181,White,Indiana,40.749741,-86.865498
18183,Whitley,Indiana,41.139375,-85.505129
19001,Adair,Iowa,41.330747,-94.470961
19003,Adams,Iowa,41.028964,-94.699148
19005,Allamakee,Iowa,43.284289,-91.378053
19007,Appanoose,Iowa,40.743171,-92.868619
19009,Audubon,Iowa,41.684603,-94.905819
19011,Benton,Iowa,42.080202,-92.065697
19013,Black Hawk,Iowa,42.470095,-92.308832
19015,Boone,Iowa,42.036543,-93.931659
19017,Bremer,Iowa,42.774589,-92.318060
19019,Buchanan,Iowa,42.470788,-91.837839
19021,Buena Vista,Iowa,42.735498,-95.151142
19023,Butler,Iowa,42.731571,-92.790184
19025,Calhoun,Iowa,42.385189,-94.640398
19027,Carroll,Iowa,42.036215,-94.860560
19029,Cass,Iowa,41.331470,-94.927821
19031,Cedar,Iowa,41.772315,-91.132421
19033,Cerro Gordo,Iowa,43.081563,-93.260833
19035,Cherokee,Iowa,42.735615,-95.623820
19037,Chickasaw,Iowa,43.060052,-92.317681
19039,Clarke,Iowa,41.029022,-93.785168
19041,Clay,Iowa,43.082561,-95.150938
19043,Clayton,Iowa,42.844724,-91.341430
19045,Clinton,Iowa,41.898031,-90.531952
19047,Crawford,Iowa,42.037205,-95.381978
19049,Dallas,Iowa,41.684888,-94.039747
19051,Davis,Iowa,40.747696,-92.409714
19053,Decatur,Iowa,40.737703,-93.786308
19055,Delaware,Iowa,42.471204,-91.367337
19057,Des Moines,Iowa,40.923180,-91.181466
19059,Dickinson,Iowa,43.377905,-95.150878
19061,Dubuque,Iowa,42.468821,-90.882436
19063,Emmet,Iowa,43.377938,-94.678437
19065,Fayette,Iowa,42.862601,-91.844355
19067,Floyd,Iowa,43.059931,-92.789040
19069,Franklin,Iowa,42.732544,-93.262474
19071,Fremont,Iowa,40.745573,-95.604673
19073,Greene,Iowa,42.036235,-94.396850
19075,Grundy,Iowa,42.401865,-92.791428
19077,Guthrie,Iowa,41.683751,-94.501066
19079,Hamilton,Iowa,42.383758,-93.706795
19081,Hancock,Iowa,43.081901,-93.734280
19083,Hardin,Iowa,42.383877,-93.240396
19085,Harrison,Iowa,41.682917,-95.816735
19087,Henry,Iowa,40.987948,-91.544532
19089,Howard,Iowa,43.356757,-92.317207
19091,Humboldt,Iowa,42.776461,-94.207195
19093,Ida,Iowa,42.386915,-95.513526
19095,Iowa,Iowa,41.686330,-92.065503
19097,Jackson,Iowa,42.171736,-90.574253
19099,Jasper,Iowa,41.686039,-93.053767
19101,Jefferson,Iowa,41.031755,-91.948885
19103,Johnson,Iowa,41.671550,-91.588100
19105,Jones,Iowa,42.121227,-91.131427
19107,Keokuk,Iowa,41.336457,-92.178642
19109,Kossuth,Iowa,43.204204,-94.206725
19111,Lee,Iowa,40.641989,-91.479264
19113,Linn,Iowa,42.078940,-91.598952
19115,Louisa,Iowa,41.218534,-91.259624
19117,Lucas,Iowa,41.029370,-93.327752
19119,Lyon,Iowa,43.380554,-96.210110
19121,Madison,Iowa,41.330719,-94.015562
19123,Mahaska,Iowa,41.335214,-92.640912
19125,Marion,Iowa,41.334436,-93.099441
19127,Marshall,Iowa,42.035855,-92.998767
19129,Mills,Iowa,41.033431,-95.621314
19131,Mitchell,Iowa,43.356364,-92.789013
19133,Monona,Iowa,42.051647,-95.959884
19135,Monroe,Iowa,41.029801,-92.868993
19137,Montgomery,Iowa,41.030130,-95.156382
19139,Muscatine,Iowa,41.483925,-91.112711
19141,O'Brien,Iowa,43.083763,-95.624917
19143,Osceola,Iowa,43.378579,-95.623667
19145,Page,Iowa,40.739144,-95.150191
19147,Palo Alto,Iowa,43.082079,-94.678124
19149,Plymouth,Iowa,42.737765,-96.214214
19151,Pocahontas,Iowa,42.734148,-94.678754
19153,Polk,Iowa,41.685501,-93.573542
19155,Pottawattamie,Iowa,41.336611,-95.542288
19157,Poweshiek,Iowa,41.686439,-92.531458
19159,Ringgold,Iowa,40.735165,-94.243986
19161,Sac,Iowa,42.386244,-95.105345
19163,Scott,Iowa,41.637093,-90.623243
19165,Shelby,Iowa,41.685092,-95.310176
19167,Sioux,Iowa,43.082633,-96.177857
19169,Story,Iowa,42.036227,-93.465027
19171,Tama,Iowa,42.079809,-92.532552
19173,Taylor,Iowa,40.737387,-94.696405
19175,Union,Iowa,41.027731,-94.242350
19177,Van Buren,Iowa,40.753207,-91.949986
19179,Wapello,Iowa,41.030588,-92.409467
19181,Warren,Iowa,41.334380,-93.561356
19183,Washington,Iowa,41.335589,-91.717869
19185,Wayne,Iowa,40.739481,-93.327370
19187,Webster,Iowa,42.427941,-94.181783
19189,Winnebago,Iowa,43.377511,-93.734127
19191,Winneshiek,Iowa,43.290612,-91.843681
19193,Woodbury,Iowa,42.389682,-96.044756
19195,Worth,Iowa,43.377377,-93.260858
19197,Wright,Iowa,42.733081,-93.735159
20001,Allen,Kansas,37.885714,-95.301372
20003,Anderson,Kansas,38.214188,-95.293312
20005,Atchison,Kansas,39.531755,-95.313486
20007,Barber,Kansas,37.228868,-98.684802
20009,Barton,Kansas,38.478959,-98.756464
20011,Bourbon,Kansas,37.855187,-94.849295
20013,Brown,Kansas,39.826487,-95.564209
20015,Butler,Kansas,37.781243,-96.839040
20017,Chase,Kansas,38.302044,-96.593952
20019,Chautauqua,Kansas,37.150011,-96.245375
20021,Cherokee,Kansas,37.169327,-94.846283
20023,Cheyenne,Kansas,39.785872,-101.731292
20025,Clark,Kansas,37.235507,-99.820293
20027,Clay,Kansas,39.349735,-97.165183
20029,Cloud,Kansas,39.480293,-97.649253
20031,Coffey,Kansas,38.236847,-95.734108
20033,Comanche,Kansas,37.191251,-99.271866
20035,Cowley,Kansas,37.237704,-96.837547
20037,Crawford,Kansas,37.507304,-94.851833
20039,Decatur,Kansas,39.784733,-100.459936
20041,Dickinson,Kansas,38.866494,-97.152703
20043,Doniphan,Kansas,39.788064,-95.146800
20045,Douglas,Kansas,38.884648,-95.292653
20047,Edwards,Kansas,37.887616,-99.312137
20049,Elk,Kansas,37.453658,-96.244117
20051,Ellis,Kansas,38.914735,-99.317233
20053,Ellsworth,Kansas,38.696634,-98.204762
20055,Finney,Kansas,38.044278,-100.737015
20057,Ford,Kansas,37.691724,-99.887946
20059,Franklin,Kansas,38.564531,-95.285950
20061,Geary,Kansas,39.002349,-96.752529
20063,Gove,Kansas,38.916091,-100.482986
20065,Graham,Kansas,39.349734,-99.883226
20067,Grant,Kansas,37.562262,-101.308069
20069,Gray,Kansas,37.738201,-100.437892
20071,Greeley,Kansas,38.480523,-101.806019
20073,Greenwood,Kansas,37.877825,-96.232638
20075,Hamilton,Kansas,37.999141,-101.791227
20077,Harper,Kansas,37.191608,-98.075452
20079,Harvey,Kansas,38.043209,-97.427251
20081,Haskell,Kansas,37.562213,-100.871214
20083,Hodgeman,Kansas,38.087506,-99.897943
20085,Jackson,Kansas,39.416823,-95.793675
20087,Jefferson,Kansas,39.235762,-95.383437
20089,Jewell,Kansas,39.784735,-98.218337
20091,Johnson,Kansas,38.883756,-94.822324
20093,Kearny,Kansas,38.000245,-101.319879
20095,Kingman,Kansas,37.558889,-98.136349
20097,Kiowa,Kansas,37.558223,-99.286062
20099,Labette,Kansas,37.191302,-95.297585
20101,Lane,Kansas,38.481302,-100.466470
20103,Leavenworth,Kansas,39.199292,-95.037980
20105,Lincoln,Kansas,39.045307,-98.207747
20107,Linn,Kansas,38.212253,-94.842988
20109,Logan,Kansas,38.917303,-101.148418
20111,Lyon,Kansas,38.456195,-96.152626
20113,McPherson,Kansas,38.391655,-97.648027
20115,Marion,Kansas,38.358859,-97.096901
20117,Marshall,Kansas,39.783565,-96.522943
20119,Meade,Kansas,37.238186,-100.366151
20121,Miami,Kansas,38.563537,-94.838099
20123,Mitchell,Kansas,39.393270,-98.209362
20125,Montgomery,Kansas,37.192512,-95.742879
20127,Morris,Kansas,38.687411,-96.649866
20129,Morton,Kansas,37.191393,-101.799240
20131,Nemaha,Kansas,39.783404,-96.014083
20133,Neosho,Kansas,37.558497,-95.306783
20135,Ness,Kansas,38.479448,-99.916144
20137,Norton,Kansas,39.784390,-99.903485
20139,Osage,Kansas,38.652304,-95.726932
20141,Osborne,Kansas,39.350328,-98.768002
20143,Ottawa,Kansas,39.132527,-97.650245
20145,Pawnee,Kansas,38.181317,-99.236715
20147,Phillips,Kansas,39.784565,-99.347018
20149,Pottawatomie,Kansas,39.378999,-96.342450
20151,Pratt,Kansas,37.647742,-98.739618
20153,Rawlins,Kansas,39.785190,-101.075842
20155,Reno,Kansas,37.952968,-98.085998
20157,Republic,Kansas,39.827766,-97.650617
20159,Rice,Kansas,38.347190,-98.200964
20161,Riley,Kansas,39.296461,-96.735192
20163,Rooks,Kansas,39.350228,-99.325070
20165,Rush,Kansas,38.523126,-99.309136
20167,Russell,Kansas,38.914790,-98.762378
20169,Saline,Kansas,38.783810,-97.649953
20171,Scott,Kansas,38.482184,-100.906902
20173,Sedgwick,Kansas,37.684765,-97.460992
20175,Seward,Kansas,37.193261,-100.851241
20177,Shawnee,Kansas,39.041516,-95.756511
20179,Sheridan,Kansas,39.350348,-100.441826
20181,Sherman,Kansas,39.351439,-101.719979
20183,Smith,Kansas,39.785169,-98.785476
20185,Stafford,Kansas,38.030992,-98.717407
20187,Stanton,Kansas,37.563035,-101.784217
20189,Stevens,Kansas,37.192326,-101.312035
20191,Sumner,Kansas,37.237317,-97.476568
20193,Thomas,Kansas,39.350918,-101.055559
20195,Trego,Kansas,38.914326,-99.872832
20197,Wabaunsee,Kansas,38.953263,-96.204976
20199,Wallace,Kansas,38.916648,-101.763649
20201,Washington,Kansas,39.784179,-97.087537
20203,Wichita,Kansas,38.482063,-101.347370
20205,Wilson,Kansas,37.559252,-95.743404
20207,Woodson,Kansas,37.886680,-95.740123
20209,Wyandotte,Kansas,39.114537,-94.764773
21001,Adair,Kentucky,37.104167,-85.280630
21003,Allen,Kentucky,36.751261,-86.190418
21005,Anderson,Kentucky,38.003911,-84.990993
21007,Ballard,Kentucky,37.058785,-88.999167
21009,Barren,Kentucky,36.965582,-85.933661
21011,Bath,Kentucky,38.144955,-83.742673
21013,Bell,Kentucky,36.730623,-83.674040
21015,Boone,Kentucky,38.969940,-84.727994
21017,Bourbon,Kentucky,38.206740,-84.217178
21019,Boyd,Kentucky,38.359561,-82.687769
21021,Boyle,Kentucky,37.624379,-84.867064
21023,Bracken,Kentucky,38.688795,-84.090148
21025,Breathitt,Kentucky,37.521614,-83.324065
21027,Breckinridge,Kentucky,37.773346,-86.429295
21029,Bullitt,Kentucky,37.970072,-85.695855
21031,Butler,Kentucky,37.207280,-86.681619
21033,Caldwell,Kentucky,37.145394,-87.867826
21035,Calloway,Kentucky,36.621025,-88.272238
21037,Campbell,Kentucky,38.946520,-84.379517
21039,Carlisle,Kentucky,36.853198,-88.970988
21041,Carroll,Kentucky,38.667855,-85.123556
21043,Carter,Kentucky,38.318196,-83.049531
21045,Casey,Kentucky,37.322301,-84.928332
21047,Christian,Kentucky,36.894162,-87.490432
21049,Clark,Kentucky,37.970828,-84.147447
21051,Clay,Kentucky,37.159704,-83.714666
21053,Clinton,Kentucky,36.727438,-85.136170
21055,Crittenden,Kentucky,37.352667,-88.097214
21057,Cumberland,Kentucky,36.786598,-85.388516
21059,Daviess,Kentucky,37.731843,-87.087218
21061,Edmonson,Kentucky,37.208798,-86.238422
21063,Elliott,Kentucky,38.117909,-83.097600
21065,Estill,Kentucky,37.692449,-83.964289
21067,Fayette,Kentucky,38.042319,-84.458729
21069,Fleming,Kentucky,38.370116,-83.696644
21071,Floyd,Kentucky,37.557102,-82.745682
21073,Franklin,Kentucky,38.239149,-84.877071
21075,Fulton,Kentucky,36.554048,-89.187308
21077,Gallatin,Kentucky,38.756860,-84.859287
21079,Garrard,Kentucky,37.639586,-84.537677
21081,Grant,Kentucky,38.648814,-84.624587
21083,Graves,Kentucky,36.723103,-88.651201
21085,Grayson,Kentucky,37.460811,-86.343913
21087,Green,Kentucky,37.264032,-85.553124
21089,Greenup,Kentucky,38.545689,-82.922339
21091,Hancock,Kentucky,37.841486,-86.777911
21093,Hardin,Kentucky,37.697965,-85.963426
21095,Harlan,Kentucky,36.856929,-83.217968
21097,Harrison,Kentucky,38.441815,-84.331361
21099,Hart,Kentucky,37.299920,-85.884688
21101,Henderson,Kentucky,37.796056,-87.573064
21103,Henry,Kentucky,38.448466,-85.118914
21105,Hickman,Kentucky,36.678138,-88.976150
21107,Hopkins,Kentucky,37.308843,-87.540829
21109,Jackson,Kentucky,37.419765,-84.005758
21111,Jefferson,Kentucky,38.187133,-85.659458
21113,Jessamine,Kentucky,37.872035,-84.580934
21115,Johnson,Kentucky,37.846623,-82.831512
21117,Kenton,Kentucky,38.933404,-84.533320
21119,Knott,Kentucky,37.354035,-82.954142
21121,Knox,Kentucky,36.890632,-83.854034
21123,Larue,Kentucky,37.545786,-85.697952
21125,Laurel,Kentucky,37.110667,-84.117804
21127,Lawrence,Kentucky,38.067866,-82.734749
21129,Lee,Kentucky,37.594805,-83.716182
21131,Leslie,Kentucky,37.094063,-83.381143
21133,Letcher,Kentucky,37.121171,-82.855300
21135,Lewis,Kentucky,38.531633,-83.378135
21137,Lincoln,Kentucky,37.455459,-84.660869
21139,Livingston,Kentucky,37.209634,-88.353703
21141,Logan,Kentucky,36.859685,-86.878919
21143,Lyon,Kentucky,37.019102,-88.083159
21145,McCracken,Kentucky,37.053963,-88.712648
21147,McCreary,Kentucky,36.737122,-84.484217
21149,McLean,Kentucky,37.529191,-87.263601
21151,Madison,Kentucky,37.720180,-84.278008
21153,Magoffin,Kentucky,37.706461,-83.064918
21155,Marion,Kentucky,37.552538,-85.269645
21157,Marshall,Kentucky,36.883424,-88.329379
21159,Martin,Kentucky,37.801601,-82.513180
21161,Mason,Kentucky,38.595186,-83.824074
21163,Meade,Kentucky,37.969657,-86.217017
21165,Menifee,Kentucky,37.941385,-83.598857
21167,Mercer,Kentucky,37.811034,-84.874458
21169,Metcalfe,Kentucky,36.990532,-85.629230
21171,Monroe,Kentucky,36.712154,-85.716488
21173,Montgomery,Kentucky,38.033539,-83.913162
21175,Morgan,Kentucky,37.922299,-83.258871
21177,Muhlenberg,Kentucky,37.215795,-87.142021
21179,Nelson,Kentucky,37.805143,-85.465970
21181,Nicholas,Kentucky,38.335545,-84.015289
21183,Ohio,Kentucky,37.478178,-86.848884
21185,Oldham,Kentucky,38.399492,-85.448532
21187,Owen,Kentucky,38.519666,-84.828111
21189,Owsley,Kentucky,37.419211,-83.683133
21191,Pendleton,Kentucky,38.695633,-84.360253
21193,Perry,Kentucky,37.244291,-83.221474
21195,Pike,Kentucky,37.469111,-82.395758
21197,Powell,Kentucky,37.831153,-83.823764
21199,Pulaski,Kentucky,37.103906,-84.577182
21201,Robertson,Kentucky,38.518819,-84.052029
21203,Rockcastle,Kentucky,37.365154,-84.315978
21205,Rowan,Kentucky,38.196259,-83.421077
21207,Russell,Kentucky,36.991090,-85.058652
21209,Scott,Kentucky,38.291554,-84.583921
21211,Shelby,Kentucky,38.215457,-85.194788
21213,Simpson,Kentucky,36.741948,-86.582242
21215,Spencer,Kentucky,38.032524,-85.327819
21217,Taylor,Kentucky,37.366472,-85.327932
21219,Todd,Kentucky,36.835690,-87.179239
21221,Trigg,Kentucky,36.806356,-87.873348
21223,Trimble,Kentucky,38.613027,-85.337479
21225,Union,Kentucky,37.658467,-87.945340
21227,Warren,Kentucky,36.993572,-86.423811
21229,Washington,Kentucky,37.753368,-85.174772
21231,Wayne,Kentucky,36.801279,-84.828616
21233,Webster,Kentucky,37.518437,-87.683168
21235,Whitley,Kentucky,36.758095,-84.145171
21237,Wolfe,Kentucky,37.739311,-83.493151
21239,Woodford,Kentucky,38.042379,-84.743586
22001,Acadia,Louisiana,30.290538,-92.411981
22003,Allen,Louisiana,30.652878,-92.827857
22005,Ascension,Louisiana,30.203547,-90.911330
22007,Assumption,Louisiana,29.900783,-91.062591
22009,Avoyelles,Louisiana,31.076240,-92.001388
22011,Beauregard,Louisiana,30.648447,-93.343328
22013,Bienville,Louisiana,32.347188,-93.055971
22015,Bossier,Louisiana,32.678969,-93.605016
22017,Caddo,Louisiana,32.580060,-93.882296
22019,Calcasieu,Louisiana,30.229292,-93.358010
22021,Caldwell,Louisiana,32.092322,-92.116579
22023,Cameron,Louisiana,29.873839,-93.191264
22025,Catahoula,Louisiana,31.666129,-91.847115
22027,Claiborne,Louisiana,32.822651,-92.995754
22029,Concordia,Louisiana,31.445866,-91.640068
22031,De Soto,Louisiana,32.055149,-93.737592
22033,East Baton Rouge,Louisiana,30.538252,-91.095603
22035,East Carroll,Louisiana,32.732561,-91.235055
22037,East Feliciana,Louisiana,30.845109,-91.045535
22039,Evangeline,Louisiana,30.728927,-92.405878
22041,Franklin,Louisiana,32.133200,-91.673775
22043,Grant,Louisiana,31.599692,-92.559506
22045,Iberia,Louisiana,29.893554,-91.731726
22047,Iberville,Louisiana,30.258498,-91.349362
22049,Jackson,Louisiana,32.302027,-92.557745
22051,Jefferson,Louisiana,29.823135,-90.137059
22053,Jefferson Davis,Louisiana,30.267721,-92.814127
22055,Lafayette,Louisiana,30.206739,-92.063870
22057,Lafourche,Louisiana,29.557542,-90.421335
22059,La Salle,null,31.676792,-92.160442
22061,Lincoln,Louisiana,32.601619,-92.664837
22063,Livingston,Louisiana,30.437847,-90.723542
22065,Madison,Louisiana,32.364763,-91.243403
22067,Morehouse,Louisiana,32.820214,-91.801790
22069,Natchitoches,Louisiana,31.723535,-93.096231
22071,Orleans,Louisiana,30.068769,-89.930879
22073,Ouachita,Louisiana,32.478314,-92.154861
22075,Plaquemines,Louisiana,29.426461,-89.600880
22077,Pointe Coupee,Louisiana,30.709390,-91.600782
22079,Rapides,Louisiana,31.198640,-92.533194
22081,Red River,Louisiana,32.093133,-93.339859
22083,Richland,Louisiana,32.417793,-91.763486
22085,Sabine,Louisiana,31.563330,-93.555295
22087,St. Bernard,Louisiana,29.884965,-89.537524
22089,St. Charles,Louisiana,29.913341,-90.358192
22091,St. Helena,Louisiana,30.821990,-90.710342
22093,St. James,Louisiana,30.026300,-90.796256
22095,St. John the Baptist,Louisiana,30.113523,-90.507685
22097,St. Landry,Louisiana,30.598839,-92.005855
22099,St. Martin,Louisiana,30.129062,-91.608288
22101,St. Mary,Louisiana,29.719817,-91.449573
22103,St. Tammany,Louisiana,30.406672,-89.963614
22105,Tangipahoa,Louisiana,30.634553,-90.408112
22107,Tensas,Louisiana,32.001715,-91.340088
22109,Terrebonne,Louisiana,29.402764,-90.853021
22111,Union,Louisiana,32.831845,-92.374792
22113,Vermilion,Louisiana,29.845137,-92.322937
22115,Vernon,Louisiana,31.108397,-93.183565
22117,Washington,Louisiana,30.853333,-90.040356
22119,Webster,Louisiana,32.713475,-93.334978
22121,West Baton Rouge,Louisiana,30.463398,-91.312743
22123,West Carroll,Louisiana,32.788474,-91.456785
22125,West Feliciana,Louisiana,30.879812,-91.420007
22127,Winn,Louisiana,31.944222,-92.636724
23001,Androscoggin,Maine,44.165802,-70.206477
23003,Aroostook,Maine,46.658968,-68.598830
23005,Cumberland,Maine,43.846514,-70.397006
23007,Franklin,Maine,44.974198,-70.444110
23009,Hancock,Maine,44.659824,-68.358600
23011,Kennebec,Maine,44.409112,-69.767327
23013,Knox,Maine,44.141453,-69.159133
23015,Lincoln,Maine,44.065879,-69.543817
23017,Oxford,Maine,44.499875,-70.756611
23019,Penobscot,Maine,45.400648,-68.649457
23021,Piscataquis,Maine,45.837325,-69.284586
23023,Sagadahoc,Maine,43.961409,-69.854599
23025,Somerset,Maine,45.513812,-69.958857
23027,Waldo,Maine,44.501477,-69.142427
23029,Washington,Maine,45.029135,-67.628784
23031,York,Maine,43.477874,-70.714182
24001,Allegany,Maryland,39.621147,-78.699030
24003,Anne Arundel,Maryland,39.005768,-76.603683
24005,Baltimore,null,39.459698,-76.635541
24009,Calvert,Maryland,38.540086,-76.566695
24011,Caroline,Maryland,38.871722,-75.831549
24013,Carroll,Maryland,39.562876,-77.022512
24015,Cecil,Maryland,39.570694,-75.941041
24017,Charles,Maryland,38.506286,-76.991696
24019,Dorchester,Maryland,38.473666,-76.022958
24021,Frederick,Maryland,39.472261,-77.398004
24023,Garrett,Maryland,39.528456,-79.273750
24025,Harford,Maryland,39.556649,-76.315439
24027,Howard,Maryland,39.250694,-76.931180
24029,Kent,Maryland,39.254550,-76.040208
24031,Montgomery,Maryland,39.136343,-77.204222
24033,Prince George's,Maryland,38.829547,-76.847184
24035,Queen Anne's,Maryland,39.066582,-76.023215
24037,St. Mary's,Maryland,38.301206,-76.605774
24039,Somerset,Maryland,38.113434,-75.759207
24041,Talbot,Maryland,38.766268,-76.101355
24043,Washington,Maryland,39.603600,-77.813950
24045,Wicomico,Maryland,38.372680,-75.622477
24047,Worcester,Maryland,38.212816,-75.333822
24510,Baltimore,Maryland,39.301090,-76.610753
25001,Barnstable,Massachusetts,41.723476,-70.290950
25003,Berkshire,Massachusetts,42.370702,-73.206345
25005,Bristol,Massachusetts,41.796756,-71.114195
25007,Dukes,Massachusetts,41.397596,-70.651488
25009,Essex,Massachusetts,42.672171,-70.951511
25011,Franklin,Massachusetts,42.583080,-72.591826
25013,Hampden,Massachusetts,42.135108,-72.631615
25015,Hampshire,Massachusetts,42.340136,-72.663770
25017,Middlesex,Massachusetts,42.485554,-71.391827
25019,Nantucket,Massachusetts,41.284550,-70.074872
25021,Norfolk,Massachusetts,42.161413,-71.209526
25023,Plymouth,Massachusetts,41.952990,-70.812236
25025,Suffolk,Massachusetts,42.333414,-71.066807
25027,Worcester,Massachusetts,42.351428,-71.907753
26001,Alcona,Michigan,44.685503,-83.593558
26003,Alger,Michigan,46.409005,-86.603978
26005,Allegan,Michigan,42.591278,-85.888493
26007,Alpena,Michigan,45.035027,-83.624317
26009,Antrim,Michigan,44.999072,-85.140337
26011,Arenac,Michigan,44.064939,-83.894522
26013,Baraga,Michigan,46.664674,-88.364699
26015,Barry,Michigan,42.595032,-85.308964
26017,Bay,Michigan,43.707171,-83.991263
26019,Benzie,Michigan,44.638680,-86.015304
26021,Berrien,Michigan,41.954717,-86.412206
26023,Branch,Michigan,41.916129,-85.059011
26025,Calhoun,Michigan,42.246537,-85.005594
26027,Cass,Michigan,41.915362,-85.993487
26029,Charlevoix,Michigan,45.306995,-85.130661
26031,Cheboygan,Michigan,45.446832,-84.499848
26033,Chippewa,Michigan,46.302816,-84.570622
26035,Clare,Michigan,43.987855,-84.847807
26037,Clinton,Michigan,42.943661,-84.601515
26039,Crawford,Michigan,44.683682,-84.610244
26041,Delta,Michigan,45.918096,-86.923508
26043,Dickinson,Michigan,46.009282,-87.870174
26045,Eaton,Michigan,42.596080,-84.838305
26047,Emmet,Michigan,45.521064,-84.890952
26049,Genesee,Michigan,43.021718,-83.706716
26051,Gladwin,Michigan,43.990645,-84.388263
26053,Gogebic,Michigan,46.408802,-89.694308
26055,Grand Traverse,Michigan,44.669167,-85.560428
26057,Gratiot,Michigan,43.292735,-84.604925
26059,Hillsdale,Michigan,41.887781,-84.592944
26061,Houghton,Michigan,46.897785,-88.687464
26063,Huron,Michigan,43.833338,-83.024341
26065,Ingham,Michigan,42.597098,-84.373544
26067,Ionia,Michigan,42.945098,-85.074603
26069,Iosco,Michigan,44.355811,-83.635770
26071,Iron,Michigan,46.208714,-88.530446
26073,Isabella,Michigan,43.640595,-84.846775
26075,Jackson,Michigan,42.248487,-84.423427
26077,Kalamazoo,Michigan,42.245455,-85.531188
26079,Kalkaska,Michigan,44.684664,-85.090217
26081,Kent,Michigan,43.032155,-85.549296
26083,Keweenaw,Michigan,47.628246,-88.439501
26085,Lake,Michigan,43.989984,-85.801677
26087,Lapeer,Michigan,43.090146,-83.221787
26089,Leelanau,Michigan,44.940485,-85.810002
26091,Lenawee,Michigan,41.895123,-84.066387
26093,Livingston,Michigan,42.602920,-83.911526
26095,Luce,Michigan,46.470560,-85.544412
26097,Mackinac,Michigan,46.077963,-85.075717
26099,Macomb,Michigan,42.695759,-82.932219
26101,Manistee,Michigan,44.333003,-86.056768
26103,Marquette,Michigan,46.431490,-87.641390
26105,Mason,Michigan,43.995275,-86.249895
26107,Mecosta,Michigan,43.640809,-85.324549
26109,Menominee,Michigan,45.580270,-87.556741
26111,Midland,Michigan,43.646835,-84.388118
26113,Missaukee,Michigan,44.337359,-85.094640
26115,Monroe,Michigan,41.928493,-83.536816
26117,Montcalm,Michigan,43.310972,-85.152549
26119,Montmorency,Michigan,45.027546,-84.127255
26121,Muskegon,Michigan,43.291227,-86.152076
26123,Newaygo,Michigan,43.554172,-85.800906
26125,Oakland,Michigan,42.660401,-83.385789
26127,Oceana,Michigan,43.640918,-86.267638
26129,Ogemaw,Michigan,44.334962,-84.126447
26131,Ontonagon,Michigan,46.664408,-89.315024
26133,Osceola,Michigan,43.989860,-85.325274
26135,Oscoda,Michigan,44.681684,-84.129743
26137,Otsego,Michigan,45.021409,-84.599038
26139,Ottawa,Michigan,42.959841,-85.996144
26141,Presque Isle,Michigan,45.340236,-83.916948
26143,Roscommon,Michigan,44.335556,-84.611564
26145,Saginaw,Michigan,43.335043,-84.053169
26147,St. Clair,Michigan,42.932781,-82.680534
26149,St. Joseph,Michigan,41.914448,-85.527758
26151,Sanilac,Michigan,43.423557,-82.820428
26153,Schoolcraft,Michigan,46.196639,-86.199668
26155,Shiawassee,Michigan,42.953736,-84.146733
26157,Tuscola,Michigan,43.464604,-83.417087
26159,Van Buren,Michigan,42.251301,-86.018923
26161,Washtenaw,Michigan,42.253220,-83.838766
26163,Wayne,Michigan,42.281747,-83.282186
26165,Wexford,Michigan,44.338336,-85.578412
27001,Aitkin,Minnesota,46.608249,-93.415433
27003,Anoka,Minnesota,45.273243,-93.246446
27005,Becker,Minnesota,46.934628,-95.673954
27007,Beltrami,Minnesota,47.973734,-94.937670
27009,Benton,Minnesota,45.699082,-93.998891
27011,Big Stone,Minnesota,45.426115,-96.410955
27013,Blue Earth,Minnesota,44.034589,-94.067017
27015,Brown,Minnesota,44.242161,-94.727494
27017,Carlton,Minnesota,46.592404,-92.677038
27019,Carver,Minnesota,44.820791,-93.802597
27021,Cass,Minnesota,46.949575,-94.325354
27023,Chippewa,Minnesota,45.022329,-95.566714
27025,Chisago,Minnesota,45.502473,-92.908338
27027,Clay,Minnesota,46.892367,-96.490620
27029,Clearwater,Minnesota,47.577563,-95.379018
27031,Cook,Minnesota,47.902923,-90.530681
27033,Cottonwood,Minnesota,44.007112,-95.181190
27035,Crow Wing,Minnesota,46.482394,-94.070900
27037,Dakota,Minnesota,44.671878,-93.065432
27039,Dodge,Minnesota,44.022612,-92.862052
27041,Douglas,Minnesota,45.933716,-95.453563
27043,Faribault,Minnesota,43.673914,-93.947942
27045,Fillmore,Minnesota,43.673945,-92.090157
27047,Freeborn,Minnesota,43.673813,-93.348834
27049,Goodhue,Minnesota,44.409861,-92.722570
27051,Grant,Minnesota,45.934039,-96.012193
27053,Hennepin,Minnesota,45.004583,-93.476886
27055,Houston,Minnesota,43.671443,-91.492879
27057,Hubbard,Minnesota,47.108655,-94.916639
27059,Isanti,Minnesota,45.561481,-93.295172
27061,Itasca,Minnesota,47.509485,-93.631996
27063,Jackson,Minnesota,43.674119,-95.154019
27065,Kanabec,Minnesota,45.945189,-93.293396
27067,Kandiyohi,Minnesota,45.152376,-95.004723
27069,Kittson,Minnesota,48.776785,-96.782534
27071,Koochiching,Minnesota,48.245291,-93.783369
27073,Lac qui Parle,Minnesota,44.995468,-96.173500
27075,Lake,Minnesota,47.641232,-91.445769
27077,Lake of the Woods,Minnesota,48.770579,-94.904957
27079,Le Sueur,Minnesota,44.371420,-93.730077
27081,Lincoln,Minnesota,44.412611,-96.267121
27083,Lyon,Minnesota,44.413533,-95.839021
27085,McLeod,Minnesota,44.823573,-94.272394
27087,Mahnomen,Minnesota,47.325245,-95.809063
27089,Marshall,Minnesota,48.358149,-96.368508
27091,Martin,Minnesota,43.674312,-94.551159
27093,Meeker,Minnesota,45.123119,-94.527301
27095,Mille Lacs,Minnesota,45.938043,-93.630095
27097,Morrison,Minnesota,46.012616,-94.268409
27099,Mower,Minnesota,43.671430,-92.752527
27101,Murray,Minnesota,44.022162,-95.763261
27103,Nicollet,Minnesota,44.349889,-94.247292
27105,Nobles,Minnesota,43.674232,-95.753352
27107,Norman,Minnesota,47.326510,-96.455369
27109,Olmsted,Minnesota,44.003733,-92.401739
27111,Otter Tail,Minnesota,46.408803,-95.707993
27113,Pennington,Minnesota,48.066242,-96.036701
27115,Pine,Minnesota,46.120751,-92.741323
27117,Pipestone,Minnesota,44.023005,-96.258643
27119,Polk,Minnesota,47.773900,-96.401997
27121,Pope,Minnesota,45.586003,-95.444514
27123,Ramsey,Minnesota,45.017071,-93.099605
27125,Red Lake,Minnesota,47.871700,-96.095331
27127,Redwood,Minnesota,44.403660,-95.253828
27129,Renville,Minnesota,44.726826,-94.947133
27131,Rice,Minnesota,44.354254,-93.296678
27133,Rock,Minnesota,43.674692,-96.253173
27135,Roseau,Minnesota,48.775123,-95.810827
27137,St. Louis,Minnesota,47.603209,-92.470666
27139,Scott,Minnesota,44.648442,-93.535934
27141,Sherburne,Minnesota,45.443941,-93.774591
27143,Sibley,Minnesota,44.579497,-94.232162
27145,Stearns,Minnesota,45.552155,-94.613041
27147,Steele,Minnesota,44.022340,-93.226043
27149,Stevens,Minnesota,45.586115,-96.000296
27151,Swift,Minnesota,45.282696,-95.681427
27153,Todd,Minnesota,46.070611,-94.897615
27155,Traverse,Minnesota,45.772181,-96.471592
27157,Wabasha,Minnesota,44.284290,-92.230318
27159,Wadena,Minnesota,46.585769,-94.969389
27161,Waseca,Minnesota,44.022110,-93.587267
27163,Washington,Minnesota,45.038681,-92.883917
27165,Watonwan,Minnesota,43.978430,-94.614079
27167,Wilkin,Minnesota,46.357069,-96.468312
27169,Winona,Minnesota,43.986862,-91.779180
27171,Wright,Minnesota,45.173945,-93.963064
27173,Yellow Medicine,Minnesota,44.716248,-95.868355
28001,Adams,Mississippi,31.482879,-91.353527
28003,Alcorn,Mississippi,34.880820,-88.580282
28005,Amite,Mississippi,31.174413,-90.804416
28007,Attala,Mississippi,33.086287,-89.581504
28009,Benton,Mississippi,34.817276,-89.188474
28011,Bolivar,Mississippi,33.795571,-90.880393
28013,Calhoun,Mississippi,33.936450,-89.336459
28015,Carroll,Mississippi,33.448524,-89.920197
28017,Chickasaw,Mississippi,33.920804,-88.947874
28019,Choctaw,Mississippi,33.347313,-89.248382
28021,Claiborne,Mississippi,31.973660,-90.911777
28023,Clarke,Mississippi,32.041389,-88.689439
28025,Clay,Mississippi,33.655657,-88.781526
28027,Coahoma,Mississippi,34.229139,-90.602618
28029,Copiah,Mississippi,31.869257,-90.448765
28031,Covington,Mississippi,31.633205,-89.552632
28033,DeSoto,Mississippi,34.875384,-89.991846
28035,Forrest,Mississippi,31.188858,-89.257871
28037,Franklin,Mississippi,31.477155,-90.897860
28039,George,Mississippi,30.862637,-88.644022
28041,Greene,Mississippi,31.214281,-88.639157
28043,Grenada,Mississippi,33.769936,-89.802056
28045,Hancock,Mississippi,30.415800,-89.488544
28047,Harrison,Mississippi,30.510169,-89.114540
28049,Hinds,Mississippi,32.266688,-90.442834
28051,Holmes,Mississippi,33.123533,-90.092027
28053,Humphreys,Mississippi,33.128701,-90.526618
28055,Issaquena,Mississippi,32.741402,-90.989199
28057,Itawamba,Mississippi,34.279963,-88.361304
28059,Jackson,Mississippi,30.541046,-88.635871
28061,Jasper,Mississippi,32.019107,-89.118860
28063,Jefferson,Mississippi,31.734239,-91.037341
28065,Jefferson Davis,Mississippi,31.569660,-89.823002
28067,Jones,Mississippi,31.622541,-89.168777
28069,Kemper,Mississippi,32.754540,-88.641185
28071,Lafayette,Mississippi,34.356748,-89.484947
28073,Lamar,Mississippi,31.205845,-89.508678
28075,Lauderdale,Mississippi,32.404262,-88.662569
28077,Lawrence,Mississippi,31.550200,-90.107004
28079,Leake,Mississippi,32.753540,-89.524071
28081,Lee,Mississippi,34.289896,-88.680411
28083,Leflore,Mississippi,33.550571,-90.301058
28085,Lincoln,Mississippi,31.532402,-90.454005
28087,Lowndes,Mississippi,33.472947,-88.443312
28089,Madison,Mississippi,32.634666,-90.033783
28091,Marion,Mississippi,31.230852,-89.822442
28093,Marshall,Mississippi,34.762257,-89.503032
28095,Monroe,Mississippi,33.892255,-88.480496
28097,Montgomery,Mississippi,33.494112,-89.616392
28099,Neshoba,Mississippi,32.753491,-89.117571
28101,Newton,Mississippi,32.400230,-89.118797
28103,Noxubee,Mississippi,33.110124,-88.569737
28105,Oktibbeha,Mississippi,33.424947,-88.879340
28107,Panola,Mississippi,34.363907,-89.950576
28109,Pearl River,Mississippi,30.768742,-89.589499
28111,Perry,Mississippi,31.172003,-88.992358
28113,Pike,Mississippi,31.174862,-90.404176
28115,Pontotoc,Mississippi,34.225435,-89.037410
28117,Prentiss,Mississippi,34.618275,-88.520068
28119,Quitman,Mississippi,34.251381,-90.289103
28121,Rankin,Mississippi,32.264135,-89.945808
28123,Scott,Mississippi,32.406389,-89.537650
28125,Sharkey,Mississippi,32.879848,-90.813182
28127,Simpson,Mississippi,31.913170,-89.919484
28129,Smith,Mississippi,32.017682,-89.506670
28131,Stone,Mississippi,30.789955,-89.117697
28133,Sunflower,Mississippi,33.602295,-90.588615
28135,Tallahatchie,Mississippi,33.950477,-90.173222
28137,Tate,Mississippi,34.650331,-89.944750
28139,Tippah,Mississippi,34.768380,-88.908888
28141,Tishomingo,Mississippi,34.740414,-88.239310
28143,Tunica,Mississippi,34.652081,-90.375778
28145,Union,Mississippi,34.490469,-89.003878
28147,Walthall,Mississippi,31.148424,-90.106137
28149,Warren,Mississippi,32.356908,-90.852494
28151,Washington,Mississippi,33.283742,-90.947455
28153,Wayne,Mississippi,31.640794,-88.695787
28155,Webster,Mississippi,33.613089,-89.284791
28157,Wilkinson,Mississippi,31.161079,-91.310917
28159,Winston,Mississippi,33.088493,-89.034403
28161,Yalobusha,Mississippi,34.028176,-89.707617
28163,Yazoo,Mississippi,32.780329,-90.396396
29001,Adair,Missouri,40.190593,-92.600713
29003,Andrew,Missouri,39.983491,-94.802049
29005,Atchison,Missouri,40.430819,-95.428089
29007,Audrain,Missouri,39.215743,-91.841575
29009,Barry,Missouri,36.709856,-93.829065
29011,Barton,Missouri,37.502317,-94.347109
29013,Bates,Missouri,38.257262,-94.340036
29015,Benton,Missouri,38.294854,-93.287949
29017,Bollinger,Missouri,37.322165,-90.025939
29019,Boone,Missouri,38.990624,-92.309655
29021,Buchanan,Missouri,39.659883,-94.806131
29023,Butler,Missouri,36.716427,-90.406592
29025,Caldwell,Missouri,39.655708,-93.982769
29027,Callaway,Missouri,38.835524,-91.926015
29029,Camden,Missouri,38.027040,-92.766074
29031,Cape Girardeau,Missouri,37.384013,-89.684460
29033,Carroll,Missouri,39.426986,-93.505184
29035,Carter,Missouri,36.941253,-90.962336
29037,Cass,Missouri,38.647022,-94.354898
29039,Cedar,Missouri,37.723842,-93.856613
29041,Chariton,Missouri,39.515096,-92.962633
29043,Christian,Missouri,36.969567,-93.188853
29045,Clark,Missouri,40.410342,-91.738357
29047,Clay,Missouri,39.310483,-94.420920
29049,Clinton,Missouri,39.601777,-94.404592
29051,Cole,Missouri,38.505973,-92.279409
29053,Cooper,Missouri,38.843544,-92.810104
29055,Crawford,Missouri,37.976363,-91.303932
29057,Dade,Missouri,37.432047,-93.850247
29059,Dallas,Missouri,37.680443,-93.023645
29061,Daviess,Missouri,39.960735,-93.985465
29063,DeKalb,Missouri,39.893173,-94.404713
29065,Dent,Missouri,37.606651,-91.507852
29067,Douglas,Missouri,36.932601,-92.498808
29069,Dunklin,Missouri,36.272124,-90.090915
29071,Franklin,Missouri,38.411145,-91.074997
29073,Gasconade,Missouri,38.440099,-91.508002
29075,Gentry,Missouri,40.212071,-94.409892
29077,Greene,Missouri,37.258060,-93.341971
29079,Grundy,Missouri,40.113934,-93.565344
29081,Harrison,Missouri,40.354660,-93.992052
29083,Henry,Missouri,38.385193,-93.792766
29085,Hickory,Missouri,37.940793,-93.320712
29087,Holt,Missouri,40.094500,-95.215726
29089,Howard,Missouri,39.142477,-92.696255
29091,Howell,Missouri,36.774014,-91.886524
29093,Iron,Missouri,37.555149,-90.773424
29095,Jackson,Missouri,39.008508,-94.346128
29097,Jasper,Missouri,37.203554,-94.340616
29099,Jefferson,Missouri,38.261051,-90.537737
29101,Johnson,Missouri,38.744083,-93.806388
29103,Knox,Missouri,40.128264,-92.148099
29105,Laclede,Missouri,37.658326,-92.590343
29107,Lafayette,Missouri,39.065565,-93.785553
29109,Lawrence,Missouri,37.106377,-93.832963
29111,Lewis,Missouri,40.096876,-91.722111
29113,Lincoln,Missouri,39.058037,-90.960063
29115,Linn,Missouri,39.870209,-93.107194
29117,Livingston,Missouri,39.782122,-93.548256
29119,McDonald,Missouri,36.628690,-94.348344
29121,Macon,Missouri,39.830802,-92.564625
29123,Madison,Missouri,37.478047,-90.345022
29125,Maries,Missouri,38.161636,-91.924877
29127,Marion,Missouri,39.805940,-91.622435
29129,Mercer,Missouri,40.422374,-93.568520
29131,Miller,Missouri,38.214514,-92.428397
29133,Mississippi,Missouri,36.828091,-89.291145
29135,Moniteau,Missouri,38.632731,-92.583093
29137,Monroe,Missouri,39.495445,-92.000729
29139,Montgomery,Missouri,38.940817,-91.470265
29141,Morgan,Missouri,38.423732,-92.885987
29143,New Madrid,Missouri,36.594585,-89.651754
29145,Newton,Missouri,36.905503,-94.339253
29147,Nodaway,Missouri,40.360759,-94.883463
29149,Oregon,Missouri,36.686675,-91.403275
29151,Osage,Missouri,38.459799,-91.861253
29153,Ozark,Missouri,36.649314,-92.444680
29155,Pemiscot,Missouri,36.211373,-89.785391
29157,Perry,Missouri,37.707159,-89.824440
29159,Pettis,Missouri,38.728300,-93.285108
29161,Phelps,Missouri,37.877154,-91.792348
29163,Pike,Missouri,39.343840,-91.171370
29165,Platte,Missouri,39.380386,-94.773614
29167,Polk,Missouri,37.616480,-93.400534
29169,Pulaski,Missouri,37.824605,-92.207658
29171,Putnam,Missouri,40.478911,-93.016033
29173,Ralls,Missouri,39.527688,-91.522023
29175,Randolph,Missouri,39.440139,-92.497075
29177,Ray,Missouri,39.352395,-93.989895
29179,Reynolds,Missouri,37.362336,-90.969092
29181,Ripley,Missouri,36.652816,-90.863835
29183,St. Charles,Missouri,38.781922,-90.674879
29185,St. Clair,Missouri,38.037197,-93.775957
29186,Ste. Genevieve,Missouri,37.894470,-90.194501
29187,St. Francois,Missouri,37.810218,-90.472185
29189,St. Louis,null,38.640527,-90.443319
29195,Saline,Missouri,39.136841,-93.201861
29197,Schuyler,Missouri,40.470262,-92.520911
29199,Scotland,Missouri,40.452617,-92.147017
29201,Scott,Missouri,37.053040,-89.568530
29203,Shannon,Missouri,37.157381,-91.400505
29205,Shelby,Missouri,39.797765,-92.076583
29207,Stoddard,Missouri,36.855600,-89.944303
29209,Stone,Missouri,36.746937,-93.455997
29211,Sullivan,Missouri,40.210633,-93.111510
29213,Taney,Missouri,36.654760,-93.041132
29215,Texas,Missouri,37.317314,-91.965051
29217,Vernon,Missouri,37.850569,-94.342427
29219,Warren,Missouri,38.764631,-91.160712
29221,Washington,Missouri,37.961709,-90.877403
29223,Wayne,Missouri,37.112662,-90.461434
29225,Webster,Missouri,37.280910,-92.875881
29227,Worth,Missouri,40.479103,-94.422123
29229,Wright,Missouri,37.270159,-92.468720
29510,St. Louis,Missouri,38.635876,-90.245057
30001,Beaverhead,Montana,45.132708,-112.899053
30003,Big Horn,Montana,45.423451,-107.489760
30005,Blaine,Montana,48.432771,-108.958639
30007,Broadwater,Montana,46.331935,-111.495508
30009,Carbon,Montana,45.227362,-109.028462
30011,Carter,Montana,45.516780,-104.536168
30013,Cascade,Montana,47.308005,-111.347121
30015,Chouteau,Montana,47.880557,-110.435194
30017,Custer,Montana,46.252662,-105.571766
30019,Daniels,Montana,48.783778,-105.548541
30021,Dawson,Montana,47.266413,-104.899475
30023,Deer Lodge,Montana,46.060828,-113.067695
30025,Fallon,Montana,46.334016,-104.417410
30027,Fergus,Montana,47.263562,-109.224264
30029,Flathead,Montana,48.295186,-114.049775
30031,Gallatin,Montana,45.540858,-111.170291
30033,Garfield,Montana,47.277705,-106.992817
30035,Glacier,Montana,48.705094,-112.994774
30037,Golden Valley,Montana,46.381212,-109.174946
30039,Granite,Montana,46.404445,-113.440277
30041,Hill,Montana,48.628253,-110.111272
30043,Jefferson,Montana,46.148519,-112.093785
30045,Judith Basin,Montana,47.045423,-110.266050
30047,Lake,Montana,47.645939,-114.089338
30049,Lewis and Clark,Montana,47.122356,-112.390399
30051,Liberty,Montana,48.561688,-111.024595
30053,Lincoln,Montana,48.542529,-115.405180
30055,McCone,Montana,47.645250,-105.795358
30057,Madison,Montana,45.300765,-111.920313
30059,Meagher,Montana,46.598173,-110.885650
30061,Mineral,Montana,47.147302,-114.998209
30063,Missoula,Montana,47.036451,-113.923759
30065,Musselshell,Montana,46.496527,-108.397756
30067,Park,Montana,45.488362,-110.526359
30069,Petroleum,Montana,47.117492,-108.250089
30071,Phillips,Montana,48.259110,-107.913306
30073,Pondera,Montana,48.227973,-112.226356
30075,Powder River,Montana,45.395021,-105.630150
30077,Powell,Montana,46.856612,-112.936203
30079,Prairie,Montana,46.860491,-105.377929
30081,Ravalli,Montana,46.081834,-114.120231
30083,Richland,Montana,47.787962,-104.561374
30085,Roosevelt,Montana,48.294535,-105.016523
30087,Rosebud,Montana,46.229762,-106.730826
30089,Sanders,Montana,47.674781,-115.133245
30091,Sheridan,Montana,48.721229,-104.504677
30093,Silver Bow,Montana,45.902345,-112.656708
30095,Stillwater,Montana,45.669414,-109.394787
30097,Sweet Grass,Montana,45.813734,-109.941013
30099,Teton,Montana,47.837290,-112.240814
30101,Toole,Montana,48.655302,-111.695707
30103,Treasure,Montana,46.211455,-107.271696
30105,Valley,Montana,48.365258,-106.667537
30107,Wheatland,Montana,46.466304,-109.844404
30109,Wibaux,Montana,46.965366,-104.248954
30111,Yellowstone,Montana,45.937232,-108.274274
31001,Adams,Nebraska,40.524477,-98.501211
31003,Antelope,Nebraska,42.176914,-98.066686
31005,Arthur,Nebraska,41.568926,-101.695923
31007,Banner,Nebraska,41.546071,-103.710576
31009,Blaine,Nebraska,41.912767,-99.976804
31011,Boone,Nebraska,41.706785,-98.067249
31013,Box Butte,Nebraska,42.219783,-103.085654
31015,Boyd,Nebraska,42.899699,-98.766513
31017,Brown,Nebraska,42.430019,-99.929507
31019,Buffalo,Nebraska,40.855153,-99.074988
31021,Burt,Nebraska,41.851520,-96.328610
31023,Butler,Nebraska,41.226078,-97.131759
31025,Cass,Nebraska,40.909716,-96.140882
31027,Cedar,Nebraska,42.599249,-97.252391
31029,Chase,Nebraska,40.524187,-101.697983
31031,Cherry,Nebraska,42.544967,-101.118568
31033,Cheyenne,Nebraska,41.219788,-102.994955
31035,Clay,Nebraska,40.524434,-98.051288
31037,Colfax,Nebraska,41.574015,-97.086468
31039,Cuming,Nebraska,41.916390,-96.787387
31041,Custer,Nebraska,41.394296,-99.726142
31043,Dakota,Nebraska,42.391082,-96.564592
31045,Dawes,Nebraska,42.719732,-103.135437
31047,Dawson,Nebraska,40.869949,-99.819564
31049,Deuel,Nebraska,41.111556,-102.333784
31051,Dixon,Nebraska,42.493210,-96.867734
31053,Dodge,Nebraska,41.577900,-96.654000
31055,Douglas,Nebraska,41.295343,-96.154310
31057,Dundy,Nebraska,40.176206,-101.687973
31059,Fillmore,Nebraska,40.524657,-97.596508
31061,Franklin,Nebraska,40.176334,-98.952813
31063,Frontier,Nebraska,40.530087,-100.394107
31065,Furnas,Nebraska,40.176438,-99.912313
31067,Gage,Nebraska,40.261889,-96.689443
31069,Garden,Nebraska,41.619417,-102.335500
31071,Garfield,Nebraska,41.914355,-98.991397
31073,Gosper,Nebraska,40.514813,-99.830696
31075,Grant,Nebraska,41.914981,-101.740553
31077,Greeley,Nebraska,41.567450,-98.521212
31079,Hall,Nebraska,40.872588,-98.502184
31081,Hamilton,Nebraska,40.873566,-98.023227
31083,Harlan,Nebraska,40.176499,-99.404651
31085,Hayes,Nebraska,40.524782,-101.061828
31087,Hitchcock,Nebraska,40.176334,-101.042274
31089,Holt,Nebraska,42.455704,-98.783830
31091,Hooker,Nebraska,41.915965,-101.135346
31093,Howard,Nebraska,41.220045,-98.517105
31095,Jefferson,Nebraska,40.175734,-97.142717
31097,Johnson,Nebraska,40.392643,-96.265087
31099,Kearney,Nebraska,40.506714,-98.948014
31101,Keith,Nebraska,41.198870,-101.661324
31103,Keya Paha,Nebraska,42.878880,-99.712366
31105,Kimball,Nebraska,41.197776,-103.714921
31107,Knox,Nebraska,42.636821,-97.891902
31109,Lancaster,Nebraska,40.784168,-96.687753
31111,Lincoln,Nebraska,41.047734,-100.745300
31113,Logan,Nebraska,41.566482,-100.482836
31115,Loup,Nebraska,41.913875,-99.454402
31117,McPherson,Nebraska,41.568120,-101.060499
31119,Madison,Nebraska,41.916698,-97.600767
31121,Merrick,Nebraska,41.169832,-98.037674
31123,Morrill,Nebraska,41.716011,-103.010619
31125,Nance,Nebraska,41.397323,-97.992198
31127,Nemaha,Nebraska,40.387649,-95.849830
31129,Nuckolls,Nebraska,40.176395,-98.047168
31131,Otoe,Nebraska,40.648503,-96.134764
31133,Pawnee,Nebraska,40.131471,-96.237065
31135,Perkins,Nebraska,40.851009,-101.649748
31137,Phelps,Nebraska,40.511109,-99.414552
31139,Pierce,Nebraska,42.264361,-97.601302
31141,Platte,Nebraska,41.571304,-97.521135
31143,Polk,Nebraska,41.186901,-97.568433
31145,Red Willow,Nebraska,40.175828,-100.476874
31147,Richardson,Nebraska,40.124986,-95.717629
31149,Rock,Nebraska,42.421311,-99.449916
31151,Saline,Nebraska,40.524061,-97.140923
31153,Sarpy,Nebraska,41.112909,-96.111951
31155,Saunders,Nebraska,41.226371,-96.637398
31157,Scotts Bluff,Nebraska,41.850588,-103.707969
31159,Seward,Nebraska,40.872376,-97.139516
31161,Sheridan,Nebraska,42.504752,-102.408914
31163,Sherman,Nebraska,41.220590,-98.976215
31165,Sioux,Nebraska,42.487659,-103.758881
31167,Stanton,Nebraska,41.916938,-97.193915
31169,Thayer,Nebraska,40.176243,-97.594953
31171,Thomas,Nebraska,41.913566,-100.555792
31173,Thurston,Nebraska,42.158193,-96.544042
31175,Valley,Nebraska,41.567313,-98.981865
31177,Washington,Nebraska,41.531057,-96.221864
31179,Wayne,Nebraska,42.209284,-97.119277
31181,Webster,Nebraska,40.176428,-98.499954
31183,Wheeler,Nebraska,41.914777,-98.528200
31185,York,Nebraska,40.872739,-97.597107
32001,Churchill,Nevada,39.580907,-118.335837
32003,Clark,Nevada,36.215177,-115.014407
32005,Douglas,Nevada,38.912187,-119.616383
32007,Elko,Nevada,41.145835,-115.357797
32009,Esmeralda,Nevada,37.784601,-117.632303
32011,Eureka,Nevada,39.983872,-116.268583
32013,Humboldt,Nevada,41.406845,-118.111922
32015,Lander,Nevada,39.933500,-117.038119
32017,Lincoln,Nevada,37.643397,-114.877515
32019,Lyon,Nevada,39.020384,-119.189145
32021,Mineral,Nevada,38.538743,-118.435119
32023,Nye,Nevada,38.042178,-116.471817
32027,Pershing,Nevada,40.440400,-118.404328
32029,Storey,Nevada,39.446526,-119.529171
32031,Washoe,Nevada,40.665589,-119.664181
32033,White Pine,Nevada,39.442158,-114.901535
32510,Carson City,null,39.151146,-119.747427
33001,Belknap,null,43.518677,-71.423312
33003,Carroll,null,43.873878,-71.202803
33005,Cheshire,null,42.919298,-72.251207
33007,Coos,null,44.689592,-71.305675
33009,Grafton,null,43.940796,-71.820645
33011,Hillsborough,null,42.915317,-71.716054
33013,Merrimack,null,43.297642,-71.680201
33015,Rockingham,null,42.987537,-71.125169
33017,Strafford,New Hampshire,43.297345,-71.029421
33019,Sullivan,New Hampshire,43.361264,-72.222381
34001,Atlantic,New Jersey,39.477813,-74.660165
34003,Bergen,New Jersey,40.959748,-74.074420
34005,Burlington,New Jersey,39.877629,-74.668097
34007,Camden,New Jersey,39.803594,-74.959799
34009,Cape May,New Jersey,39.148880,-74.800509
34011,Cumberland,New Jersey,39.372909,-75.110907
34013,Essex,New Jersey,40.787052,-74.246853
34015,Gloucester,New Jersey,39.717234,-75.141573
34017,Hudson,New Jersey,40.734906,-74.077887
34019,Hunterdon,New Jersey,40.567265,-74.912220
34021,Mercer,New Jersey,40.283391,-74.701702
34023,Middlesex,New Jersey,40.439450,-74.411214
34025,Monmouth,New Jersey,40.260072,-74.221237
34027,Morris,New Jersey,40.862031,-74.544471
34029,Ocean,New Jersey,39.884942,-74.281374
34031,Passaic,New Jersey,41.033683,-74.300360
34033,Salem,New Jersey,39.587353,-75.349019
34035,Somerset,New Jersey,40.563527,-74.616318
34037,Sussex,New Jersey,41.139485,-74.690247
34039,Union,New Jersey,40.659940,-74.308892
34041,Warren,New Jersey,40.857207,-74.997025
35001,Bernalillo,New Mexico,35.051290,-106.670070
35003,Catron,New Mexico,33.915391,-108.404736
35005,Chaves,New Mexico,33.363163,-104.467018
35006,Cibola,New Mexico,34.912646,-107.999601
35007,Colfax,New Mexico,36.606153,-104.646881
35009,Curry,New Mexico,34.574247,-103.346816
35011,De Baca,New Mexico,34.342445,-104.411997
35013,Doña Ana,null,32.352629,-106.832777
35015,Eddy,New Mexico,32.471474,-104.304221
35017,Grant,New Mexico,32.738958,-108.382287
35019,Guadalupe,New Mexico,34.863245,-104.790806
35021,Harding,New Mexico,35.857971,-103.819894
35023,Hidalgo,New Mexico,31.914103,-108.714804
35025,Lea,New Mexico,32.792156,-103.412451
35027,Lincoln,New Mexico,33.745173,-105.459233
35028,Los Alamos,New Mexico,35.869373,-106.307274
35029,Luna,New Mexico,32.182198,-107.749743
35031,McKinley,New Mexico,35.580643,-108.261833
35033,Mora,New Mexico,36.009918,-104.944518
35035,Otero,New Mexico,32.613102,-105.741608
35037,Quay,New Mexico,35.104334,-103.549691
35039,Rio Arriba,New Mexico,36.509597,-106.693120
35041,Roosevelt,New Mexico,34.021311,-103.480188
35043,Sandoval,New Mexico,35.688581,-106.865812
35045,San Juan,New Mexico,36.508500,-108.320631
35047,San Miguel,New Mexico,35.480253,-104.815772
35049,Santa Fe,New Mexico,35.506854,-105.976078
35051,Sierra,New Mexico,33.130536,-107.192324
35053,Socorro,New Mexico,34.007288,-106.930315
35055,Taos,New Mexico,36.578297,-105.630957
35057,Torrance,New Mexico,34.640404,-105.850804
35059,Union,New Mexico,36.481754,-103.471011
35061,Valencia,New Mexico,34.715431,-106.809168
36001,Albany,New York,42.600178,-73.973545
36003,Allegany,New York,42.257410,-78.027580
36005,Bronx,New York,40.849919,-73.864839
36007,Broome,New York,42.160252,-75.819612
36009,Cattaraugus,New York,42.248599,-78.678838
36011,Cayuga,New York,42.917549,-76.554510
36013,Chautauqua,New York,42.227910,-79.366417
36015,Chemung,New York,42.141263,-76.760038
36017,Chenango,New York,42.493505,-75.611571
36019,Clinton,New York,44.746185,-73.678168
36021,Columbia,New York,42.250066,-73.631799
36023,Cortland,New York,42.595001,-76.070270
36025,Delaware,New York,42.198074,-74.966481
36027,Dutchess,New York,41.765152,-73.742858
36029,Erie,New York,42.764021,-78.732461
36031,Essex,New York,44.117203,-73.772642
36033,Franklin,New York,44.592886,-74.303836
36035,Fulton,New York,43.113831,-74.422161
36037,Genesee,New York,43.000937,-78.193731
36039,Greene,New York,42.276513,-74.122720
36041,Hamilton,New York,43.661128,-74.497373
36043,Herkimer,New York,43.419715,-74.962520
36045,Jefferson,New York,44.049125,-75.922317
36047,Kings,New York,40.638923,-73.938781
36049,Lewis,New York,43.784673,-75.448836
36051,Livingston,New York,42.728063,-77.775488
36053,Madison,New York,42.912770,-75.669679
36055,Monroe,New York,43.146527,-77.696057
36057,Montgomery,New York,42.902288,-74.439645
36059,Nassau,New York,40.736995,-73.586105
36061,New York,New York,40.775695,-73.968861
36063,Niagara,New York,43.200115,-78.745501
36065,Oneida,New York,43.241732,-75.435850
36067,Onondaga,New York,43.005797,-76.194641
36069,Ontario,New York,42.852845,-77.299811
36071,Orange,New York,41.402139,-74.305552
36073,Orleans,New York,43.252061,-78.231264
36075,Oswego,New York,43.426966,-76.141555
36077,Otsego,New York,42.633762,-75.032580
36079,Putnam,New York,41.426661,-73.749487
36081,Queens,New York,40.702489,-73.819964
36083,Rensselaer,New York,42.711064,-73.509726
36085,Richmond,New York,40.580729,-74.152380
36087,Rockland,New York,41.152387,-74.024064
36089,St. Lawrence,New York,44.496318,-75.069094
36091,Saratoga,New York,43.107383,-73.863909
36093,Schenectady,New York,42.818095,-74.058557
36095,Schoharie,New York,42.588207,-74.442104
36097,Schuyler,New York,42.393804,-76.875168
36099,Seneca,New York,42.781072,-76.823779
36101,Steuben,New York,42.267809,-77.383793
36103,Suffolk,New York,40.869947,-72.844914
36105,Sullivan,New York,41.716430,-74.768128
36107,Tioga,New York,42.170333,-76.306339
36109,Tompkins,New York,42.452020,-76.473641
36111,Ulster,New York,41.888143,-74.258568
36113,Warren,New York,43.560960,-73.846011
36115,Washington,New York,43.313677,-73.430758
36117,Wayne,New York,43.156693,-77.029359
36119,Westchester,New York,41.161974,-73.755963
36121,Wyoming,New York,42.702372,-78.224452
36123,Yates,New York,42.633440,-77.105441
37001,Alamance,North Carolina,36.044045,-79.399450
37003,Alexander,North Carolina,35.921044,-81.176980
37005,Alleghany,North Carolina,36.491363,-81.127211
37007,Anson,North Carolina,34.973838,-80.102704
37009,Ashe,North Carolina,36.434179,-81.500243
37011,Avery,North Carolina,36.076578,-81.922495
37013,Beaufort,North Carolina,35.492116,-76.858718
37015,Bertie,North Carolina,36.065990,-76.975794
37017,Bladen,North Carolina,34.614306,-78.563182
37019,Brunswick,North Carolina,34.070699,-78.237336
37021,Buncombe,North Carolina,35.611227,-82.530110
37023,Burke,North Carolina,35.749533,-81.704709
37025,Cabarrus,North Carolina,35.386863,-80.552027
37027,Caldwell,North Carolina,35.952969,-81.546516
37029,Camden,North Carolina,36.386773,-76.205604
37031,Carteret,North Carolina,34.830615,-76.650955
37033,Caswell,North Carolina,36.393310,-79.333642
37035,Catawba,North Carolina,35.662577,-81.214547
37037,Chatham,North Carolina,35.702574,-79.255362
37039,Cherokee,North Carolina,35.133872,-84.063495
37041,Chowan,North Carolina,36.149295,-76.608502
37043,Clay,North Carolina,35.057210,-83.750201
37045,Cleveland,North Carolina,35.334097,-81.555629
37047,Columbus,North Carolina,34.265393,-78.655058
37049,Craven,North Carolina,35.123056,-77.092255
37051,Cumberland,North Carolina,35.048595,-78.827446
37053,Currituck,North Carolina,36.404756,-76.003982
37055,Dare,North Carolina,35.760803,-75.784340
37057,Davidson,North Carolina,35.793278,-80.212690
37059,Davie,North Carolina,35.929185,-80.544623
37061,Duplin,North Carolina,34.936262,-77.932930
37063,Durham,North Carolina,36.036021,-78.876338
37065,Edgecombe,North Carolina,35.912966,-77.597060
37067,Forsyth,North Carolina,36.130500,-80.256365
37069,Franklin,North Carolina,36.082790,-78.285599
37071,Gaston,North Carolina,35.294375,-81.180260
37073,Gates,North Carolina,36.444900,-76.700486
37075,Graham,North Carolina,35.350145,-83.833405
37077,Granville,North Carolina,36.304001,-78.653028
37079,Greene,North Carolina,35.485413,-77.675923
37081,Guilford,North Carolina,36.079450,-79.789012
37083,Halifax,North Carolina,36.257505,-77.651866
37085,Harnett,North Carolina,35.368618,-78.869277
37087,Haywood,North Carolina,35.556051,-82.982257
37089,Henderson,North Carolina,35.336374,-82.479992
37091,Hertford,North Carolina,36.358950,-76.981562
37093,Hoke,North Carolina,35.017359,-79.237087
37095,Hyde,North Carolina,35.519503,-76.245400
37097,Iredell,North Carolina,35.807009,-80.873508
37099,Jackson,North Carolina,35.287416,-83.140841
37101,Johnston,North Carolina,35.517606,-78.365640
37103,Jones,North Carolina,35.021651,-77.355238
37105,Lee,North Carolina,35.475164,-79.171417
37107,Lenoir,North Carolina,35.239131,-77.641253
37109,Lincoln,North Carolina,35.486143,-81.223792
37111,McDowell,North Carolina,35.681236,-82.048711
37113,Macon,North Carolina,35.150428,-83.422109
37115,Madison,North Carolina,35.858018,-82.705701
37117,Martin,North Carolina,35.841602,-77.107083
37119,Mecklenburg,North Carolina,35.246723,-80.832787
37121,Mitchell,North Carolina,36.013311,-82.163486
37123,Montgomery,North Carolina,35.332462,-79.905469
37125,Moore,North Carolina,35.310711,-79.481306
37127,Nash,North Carolina,35.967214,-77.986482
37129,New Hanover,North Carolina,34.232081,-77.884715
37131,Northampton,North Carolina,36.417663,-77.396736
37133,Onslow,North Carolina,34.730031,-77.427565
37135,Orange,North Carolina,36.061320,-79.120575
37137,Pamlico,North Carolina,35.146561,-76.729638
37139,Pasquotank,North Carolina,36.295018,-76.283417
37141,Pender,North Carolina,34.524599,-77.905543
37143,Perquimans,North Carolina,36.204507,-76.439021
37145,Person,North Carolina,36.390066,-78.971719
37147,Pitt,North Carolina,35.593508,-77.374640
37149,Polk,North Carolina,35.279308,-82.169629
37151,Randolph,North Carolina,35.710327,-79.806158
37153,Richmond,North Carolina,35.005934,-79.747829
37155,Robeson,North Carolina,34.640073,-79.103568
37157,Rockingham,North Carolina,36.396066,-79.775109
37159,Rowan,North Carolina,35.639601,-80.524691
37161,Rutherford,North Carolina,35.402257,-81.920076
37163,Sampson,North Carolina,34.991623,-78.371510
37165,Scotland,North Carolina,34.840912,-79.480411
37167,Stanly,North Carolina,35.311981,-80.250938
37169,Stokes,North Carolina,36.401903,-80.239554
37171,Surry,North Carolina,36.414670,-80.687531
37173,Swain,North Carolina,35.486682,-83.492739
37175,Transylvania,North Carolina,35.202031,-82.798166
37177,Tyrrell,North Carolina,35.818230,-76.206616
37179,Union,North Carolina,34.988387,-80.530732
37181,Vance,North Carolina,36.364738,-78.408346
37183,Wake,North Carolina,35.790134,-78.650224
37185,Warren,North Carolina,36.396573,-78.106874
37187,Washington,North Carolina,35.822760,-76.576142
37189,Watauga,North Carolina,36.230927,-81.696282
37191,Wayne,North Carolina,35.363756,-78.004166
37193,Wilkes,North Carolina,36.206215,-81.162894
37195,Wilson,North Carolina,35.705023,-77.918634
37197,Yadkin,North Carolina,36.160547,-80.665348
37199,Yancey,North Carolina,35.898909,-82.307577
38001,Adams,North Dakota,46.096845,-102.528486
38003,Barnes,North Dakota,46.936096,-98.071572
38005,Benson,North Dakota,48.069390,-99.366017
38007,Billings,North Dakota,47.023413,-103.376373
38009,Bottineau,North Dakota,48.792176,-100.833323
38011,Bowman,North Dakota,46.112616,-103.520686
38013,Burke,North Dakota,48.791000,-102.518286
38015,Burleigh,North Dakota,46.977388,-100.468733
38017,Cass,North Dakota,46.932971,-97.248051
38019,Cavalier,North Dakota,48.772341,-98.464856
38021,Dickey,North Dakota,46.110179,-98.504675
38023,Divide,North Dakota,48.814914,-103.487241
38025,Dunn,North Dakota,47.356755,-102.618249
38027,Eddy,North Dakota,47.717590,-98.901629
38029,Emmons,North Dakota,46.285045,-100.238760
38031,Foster,North Dakota,47.457063,-98.882990
38033,Golden Valley,North Dakota,46.940302,-103.846640
38035,Grand Forks,North Dakota,47.921826,-97.457081
38037,Grant,North Dakota,46.358263,-101.639707
38039,Griggs,North Dakota,47.457272,-98.237029
38041,Hettinger,North Dakota,46.432522,-102.460318
38043,Kidder,North Dakota,46.980150,-99.780092
38045,LaMoure,North Dakota,46.456901,-98.535438
38047,Logan,North Dakota,46.457358,-99.477395
38049,McHenry,North Dakota,48.234580,-100.636282
38051,McIntosh,North Dakota,46.111844,-99.441189
38053,McKenzie,North Dakota,47.740177,-103.395281
38055,McLean,North Dakota,47.606961,-101.321857
38057,Mercer,North Dakota,47.309208,-101.831533
38059,Morton,North Dakota,46.716036,-101.281156
38061,Mountrail,North Dakota,48.201332,-102.355659
38063,Nelson,North Dakota,47.921704,-98.192056
38065,Oliver,North Dakota,47.115266,-101.340305
38067,Pembina,North Dakota,48.767341,-97.551520
38069,Pierce,North Dakota,48.249582,-99.971840
38071,Ramsey,North Dakota,48.268939,-98.720121
38073,Ransom,North Dakota,46.456159,-97.657471
38075,Renville,North Dakota,48.719058,-101.657841
38077,Richland,North Dakota,46.264626,-96.948286
38079,Rolette,North Dakota,48.772452,-99.840965
38081,Sargent,North Dakota,46.107825,-97.630567
38083,Sheridan,North Dakota,47.575425,-100.345674
38085,Sioux,North Dakota,46.112659,-101.040386
38087,Slope,North Dakota,46.447221,-103.459882
38089,Stark,North Dakota,46.810681,-102.655094
38091,Steele,North Dakota,47.456157,-97.724683
38093,Stutsman,North Dakota,46.979237,-98.958830
38095,Towner,North Dakota,48.685540,-99.245780
38097,Traill,North Dakota,47.454164,-97.161788
38099,Walsh,North Dakota,48.369414,-97.721456
38101,Ward,North Dakota,48.221723,-101.541785
38103,Wells,North Dakota,47.587520,-99.660956
38105,Williams,North Dakota,48.343685,-103.480220
39001,Adams,Ohio,38.845666,-83.472000
39003,Allen,Ohio,40.771525,-84.105780
39005,Ashland,Ohio,40.846016,-82.270693
39007,Ashtabula,Ohio,41.707309,-80.748378
39009,Athens,Ohio,39.333886,-82.045198
39011,Auglaize,Ohio,40.560916,-84.221716
39013,Belmont,Ohio,40.015836,-80.988464
39015,Brown,Ohio,38.934024,-83.867424
39017,Butler,Ohio,39.438657,-84.575576
39019,Carroll,Ohio,40.579568,-81.089755
39021,Champaign,Ohio,40.137698,-83.769554
39023,Clark,Ohio,39.916788,-83.783898
39025,Clermont,Ohio,39.047479,-84.151838
39027,Clinton,Ohio,39.414976,-83.808375
39029,Columbiana,Ohio,40.768407,-80.777283
39031,Coshocton,Ohio,40.301661,-81.920029
39033,Crawford,Ohio,40.850774,-82.919774
39035,Cuyahoga,Ohio,41.424308,-81.658703
39037,Darke,Ohio,40.133268,-84.619402
39039,Defiance,Ohio,41.323912,-84.490472
39041,Delaware,Ohio,40.278396,-83.004880
39043,Erie,Ohio,41.373775,-82.637566
39045,Fairfield,Ohio,39.751609,-82.630579
39047,Fayette,Ohio,39.559891,-83.456088
39049,Franklin,Ohio,39.969519,-83.009344
39051,Fulton,Ohio,41.601827,-84.130079
39053,Gallia,Ohio,38.824699,-82.316886
39055,Geauga,Ohio,41.499547,-81.178649
39057,Greene,Ohio,39.691472,-83.889884
39059,Guernsey,Ohio,40.052035,-81.494257
39061,Hamilton,Ohio,39.195542,-84.542788
39063,Hancock,Ohio,41.001927,-83.666525
39065,Hardin,Ohio,40.661525,-83.659431
39067,Harrison,Ohio,40.293834,-81.091120
39069,Henry,Ohio,41.333892,-84.068233
39071,Highland,Ohio,39.184730,-83.600952
39073,Hocking,Ohio,39.497047,-82.479223
39075,Holmes,Ohio,40.561207,-81.929346
39077,Huron,Ohio,41.146151,-82.598404
39079,Jackson,Ohio,39.019659,-82.618386
39081,Jefferson,Ohio,40.385018,-80.761004
39083,Knox,Ohio,40.398760,-82.421530
39085,Lake,Ohio,41.697043,-81.236750
39087,Lawrence,Ohio,38.598496,-82.536762
39089,Licking,Ohio,40.091610,-82.483152
39091,Logan,Ohio,40.388461,-83.765849
39093,Lorain,Ohio,41.295568,-82.151120
39095,Lucas,Ohio,41.620552,-83.656661
39097,Madison,Ohio,39.894035,-83.400215
39099,Mahoning,Ohio,41.014627,-80.776252
39101,Marion,Ohio,40.587190,-83.160873
39103,Medina,Ohio,41.117591,-81.899710
39105,Meigs,Ohio,39.082219,-82.022805
39107,Mercer,Ohio,40.539950,-84.629367
39109,Miami,Ohio,40.053466,-84.228848
39111,Monroe,Ohio,39.727363,-81.082910
39113,Montgomery,Ohio,39.754585,-84.290670
39115,Morgan,Ohio,39.620362,-81.852650
39117,Morrow,Ohio,40.524091,-82.794061
39119,Muskingum,Ohio,39.965426,-81.944380
39121,Noble,Ohio,39.765942,-81.455535
39123,Ottawa,Ohio,41.533918,-83.115719
39125,Paulding,Ohio,41.116620,-84.580217
39127,Perry,Ohio,39.737125,-82.236131
39129,Pickaway,Ohio,39.641921,-83.024364
39131,Pike,Ohio,39.077322,-83.066768
39133,Portage,Ohio,41.167674,-81.197399
39135,Preble,Ohio,39.741569,-84.647987
39137,Putnam,Ohio,41.022087,-84.131732
39139,Richland,Ohio,40.774671,-82.536489
39141,Ross,Ohio,39.337599,-83.057021
39143,Sandusky,Ohio,41.357412,-83.143931
39145,Scioto,Ohio,38.803997,-82.992829
39147,Seneca,Ohio,41.123879,-83.127681
39149,Shelby,Ohio,40.331552,-84.204748
39151,Stark,Ohio,40.813873,-81.365658
39153,Summit,Ohio,41.125952,-81.532157
39155,Trumbull,Ohio,41.317190,-80.761142
39157,Tuscarawas,Ohio,40.440934,-81.473762
39159,Union,Ohio,40.299399,-83.371561
39161,Van Wert,Ohio,40.855407,-84.586116
39163,Vinton,Ohio,39.250973,-82.485352
39165,Warren,Ohio,39.427578,-84.166767
39167,Washington,Ohio,39.455314,-81.495280
39169,Wayne,Ohio,40.828869,-81.888030
39171,Williams,Ohio,41.560318,-84.588153
39173,Wood,Ohio,41.361683,-83.623002
39175,Wyandot,Ohio,40.842376,-83.304377
40001,Adair,Oklahoma,35.883904,-94.658672
40003,Alfalfa,Oklahoma,36.731025,-98.324022
40005,Atoka,Oklahoma,34.373738,-96.037830
40007,Beaver,Oklahoma,36.749641,-100.476786
40009,Beckham,Oklahoma,35.268729,-99.681905
40011,Blaine,Oklahoma,35.875205,-98.433428
40013,Bryan,Oklahoma,33.962339,-96.260072
40015,Caddo,Oklahoma,35.174382,-98.375150
40017,Canadian,Oklahoma,35.542439,-97.982365
40019,Carter,Oklahoma,34.250854,-97.285814
40021,Cherokee,Oklahoma,35.906619,-94.999673
40023,Choctaw,Oklahoma,34.026526,-95.552457
40025,Cimarron,Oklahoma,36.748290,-102.517772
40027,Cleveland,Oklahoma,35.203041,-97.326421
40029,Coal,Oklahoma,34.588206,-96.297845
40031,Comanche,Oklahoma,34.662097,-98.471661
40033,Cotton,Oklahoma,34.290042,-98.372203
40035,Craig,Oklahoma,36.761726,-95.208481
40037,Creek,Oklahoma,35.902685,-96.370953
40039,Custer,Oklahoma,35.638874,-99.001477
40041,Delaware,Oklahoma,36.408201,-94.802645
40043,Dewey,Oklahoma,35.987690,-99.007894
40045,Ellis,Oklahoma,36.218345,-99.754637
40047,Garfield,Oklahoma,36.379054,-97.782727
40049,Garvin,Oklahoma,34.704576,-97.309317
40051,Grady,Oklahoma,35.016943,-97.884121
40053,Grant,Oklahoma,36.796136,-97.786137
40055,Greer,Oklahoma,34.935717,-99.560812
40057,Harmon,Oklahoma,34.744123,-99.846278
40059,Harper,Oklahoma,36.788707,-99.667356
40061,Haskell,Oklahoma,35.224844,-95.116569
40063,Hughes,Oklahoma,35.048342,-96.250242
40065,Jackson,Oklahoma,34.588060,-99.415075
40067,Jefferson,Oklahoma,34.110567,-97.836145
40069,Johnston,Oklahoma,34.316474,-96.660681
40071,Kay,Oklahoma,36.818003,-97.143940
40073,Kingfisher,Oklahoma,35.945393,-97.942099
40075,Kiowa,Oklahoma,34.916331,-98.980853
40077,Latimer,Oklahoma,34.876085,-95.250382
40079,Le Flore,Oklahoma,34.900334,-94.703391
40081,Lincoln,Oklahoma,35.702987,-96.880932
40083,Logan,Oklahoma,35.919331,-97.443304
40085,Love,Oklahoma,33.949634,-97.243491
40087,McClain,Oklahoma,35.009336,-97.444297
40089,McCurtain,Oklahoma,34.116306,-94.771309
40091,McIntosh,Oklahoma,35.373666,-95.666836
40093,Major,Oklahoma,36.311638,-98.535954
40095,Marshall,Oklahoma,34.024460,-96.769106
40097,Mayes,Oklahoma,36.301869,-95.230860
40099,Murray,Oklahoma,34.482338,-97.067920
40101,Muskogee,Oklahoma,35.616150,-95.379562
40103,Noble,Oklahoma,36.388583,-97.230514
40105,Nowata,Oklahoma,36.798465,-95.617400
40107,Okfuskee,Oklahoma,35.465469,-96.322844
40109,Oklahoma,Oklahoma,35.551525,-97.407219
40111,Okmulgee,Oklahoma,35.646670,-95.964340
40113,Osage,Oklahoma,36.629171,-96.398487
40115,Ottawa,Oklahoma,36.835522,-94.810455
40117,Pawnee,Oklahoma,36.316932,-96.699307
40119,Payne,Oklahoma,36.077318,-96.975771
40121,Pittsburg,Oklahoma,34.923939,-95.748358
40123,Pontotoc,Oklahoma,34.727996,-96.684429
40125,Pottawatomie,Oklahoma,35.206701,-96.948348
40127,Pushmataha,Oklahoma,34.416221,-95.375800
40129,Roger Mills,Oklahoma,35.688334,-99.695773
40131,Rogers,Oklahoma,36.371572,-95.604368
40133,Seminole,Oklahoma,35.167496,-96.615521
40135,Sequoyah,Oklahoma,35.495354,-94.755226
40137,Stephens,Oklahoma,34.485602,-97.851477
40139,Texas,Oklahoma,36.747894,-101.490057
40141,Tillman,Oklahoma,34.372910,-98.924369
40143,Tulsa,Oklahoma,36.121096,-95.941472
40145,Wagoner,Oklahoma,35.961088,-95.521201
40147,Washington,Oklahoma,36.715229,-95.904365
40149,Washita,Oklahoma,35.290354,-98.992246
40151,Woods,Oklahoma,36.766944,-98.865108
40153,Woodward,Oklahoma,36.422635,-99.265023
41001,Baker,Oregon,44.709181,-117.675570
41003,Benton,Oregon,44.491754,-123.429357
41005,Clackamas,Oregon,45.188152,-122.220935
41007,Clatsop,Oregon,45.995655,-123.654901
41009,Columbia,Oregon,45.943811,-123.088077
41011,Coos,Oregon,43.174044,-124.059400
41013,Crook,Oregon,44.142221,-120.356692
41015,Curry,Oregon,42.457755,-124.156586
41017,Deschutes,Oregon,43.914874,-121.227810
41019,Douglas,Oregon,43.279673,-123.166182
41021,Gilliam,Oregon,45.377995,-120.210927
41023,Grant,Oregon,44.490954,-119.007528
41025,Harney,Oregon,43.063816,-118.967806
41027,Hood River,Oregon,45.519225,-121.651140
41029,Jackson,Oregon,42.432130,-122.728487
41031,Jefferson,Oregon,44.629404,-121.175366
41033,Josephine,Oregon,42.365488,-123.555599
41035,Klamath,Oregon,42.686282,-121.650113
41037,Lake,Oregon,42.793460,-120.387484
41039,Lane,Oregon,43.938635,-122.847511
41041,Lincoln,Oregon,44.641952,-123.868333
41043,Linn,Oregon,44.488557,-122.534119
41045,Malheur,Oregon,43.193493,-117.623014
41047,Marion,Oregon,44.903182,-122.584709
41049,Morrow,Oregon,45.418826,-119.584393
41051,Multnomah,Oregon,45.546867,-122.415331
41053,Polk,Oregon,44.903483,-123.413371
41055,Sherman,Oregon,45.405200,-120.689320
41057,Tillamook,Oregon,45.463395,-123.712699
41059,Umatilla,Oregon,45.591770,-118.736928
41061,Union,Oregon,45.310376,-118.009032
41063,Wallowa,Oregon,45.579797,-117.180997
41065,Wasco,Oregon,45.160069,-121.168230
41067,Washington,Oregon,45.560054,-123.098503
41069,Wheeler,Oregon,44.725977,-120.027408
41071,Yamhill,Oregon,45.232595,-123.308135
42001,Adams,Pennsylvania,39.871498,-77.217862
42003,Allegheny,Pennsylvania,40.468836,-79.981209
42005,Armstrong,Pennsylvania,40.812280,-79.464518
42007,Beaver,Pennsylvania,40.682278,-80.349298
42009,Bedford,Pennsylvania,40.006547,-78.490300
42011,Berks,Pennsylvania,40.416291,-75.926004
42013,Blair,Pennsylvania,40.480982,-78.348605
42015,Bradford,Pennsylvania,41.788695,-76.515404
42017,Bucks,Pennsylvania,40.336847,-75.106779
42019,Butler,Pennsylvania,40.911729,-79.912981
42021,Cambria,Pennsylvania,40.495255,-78.713703
42023,Cameron,Pennsylvania,41.436729,-78.203856
42025,Carbon,Pennsylvania,40.918170,-75.708809
42027,Centre,Pennsylvania,40.919330,-77.819948
42029,Chester,Pennsylvania,39.973073,-75.748424
42031,Clarion,Pennsylvania,41.192385,-79.420970
42033,Clearfield,Pennsylvania,41.000163,-78.474122
42035,Clinton,Pennsylvania,41.234080,-77.638144
42037,Columbia,Pennsylvania,41.048704,-76.405189
42039,Crawford,Pennsylvania,41.684703,-80.106257
42041,Cumberland,Pennsylvania,40.163635,-77.265554
42043,Dauphin,Pennsylvania,40.415455,-76.779467
42045,Delaware,Pennsylvania,39.916682,-75.399043
42047,Elk,Pennsylvania,41.425239,-78.649158
42049,Erie,Pennsylvania,41.992506,-80.032810
42051,Fayette,Pennsylvania,39.919892,-79.647344
42053,Forest,Pennsylvania,41.512988,-79.236061
42055,Franklin,Pennsylvania,39.927403,-77.721291
42057,Fulton,Pennsylvania,39.925341,-78.112693
42059,Greene,Pennsylvania,39.853839,-80.222916
42061,Huntingdon,Pennsylvania,40.416939,-77.981207
42063,Indiana,Pennsylvania,40.652059,-79.087515
42065,Jefferson,Pennsylvania,41.128156,-78.999427
42067,Juniata,Pennsylvania,40.531061,-77.402175
42069,Lackawanna,Pennsylvania,41.436794,-75.609208
42071,Lancaster,Pennsylvania,40.042428,-76.247723
42073,Lawrence,Pennsylvania,40.991249,-80.334227
42075,Lebanon,Pennsylvania,40.367220,-76.457692
42077,Lehigh,Pennsylvania,40.612705,-75.592359
42079,Luzerne,Pennsylvania,41.177018,-75.989012
42081,Lycoming,Pennsylvania,41.343388,-77.064515
42083,McKean,Pennsylvania,41.807710,-78.569044
42085,Mercer,Pennsylvania,41.302189,-80.257678
42087,Mifflin,Pennsylvania,40.610418,-77.617036
42089,Monroe,Pennsylvania,41.058061,-75.339457
42091,Montgomery,Pennsylvania,40.210829,-75.367291
42093,Montour,Pennsylvania,41.027848,-76.658587
42095,Northampton,Pennsylvania,40.754225,-75.307388
42097,Northumberland,Pennsylvania,40.851970,-76.709334
42099,Perry,Pennsylvania,40.398412,-77.262310
42101,Philadelphia,Pennsylvania,40.007576,-75.133983
42103,Pike,Pennsylvania,41.331995,-75.033844
42105,Potter,Pennsylvania,41.744948,-77.895812
42107,Schuylkill,Pennsylvania,40.705813,-76.215937
42109,Snyder,Pennsylvania,40.769836,-77.070185
42111,Somerset,Pennsylvania,39.972463,-79.028277
42113,Sullivan,Pennsylvania,41.446159,-76.512237
42115,Susquehanna,Pennsylvania,41.821359,-75.800702
42117,Tioga,Pennsylvania,41.772171,-77.254263
42119,Union,Pennsylvania,40.962995,-77.062199
42121,Venango,Pennsylvania,41.400986,-79.757951
42123,Warren,Pennsylvania,41.814498,-79.274107
42125,Washington,Pennsylvania,40.189411,-80.248245
42127,Wayne,Pennsylvania,41.648758,-75.303267
42129,Westmoreland,Pennsylvania,40.310717,-79.466999
42131,Wyoming,Pennsylvania,41.518360,-76.016595
42133,York,Pennsylvania,39.919973,-76.726510
44001,Bristol,Rhode Island,41.716803,-71.285819
44003,Kent,Rhode Island,41.672774,-71.590709
44005,Newport,Rhode Island,41.556141,-71.238408
44007,Providence,Rhode Island,41.871370,-71.578601
44009,Washington,Rhode Island,41.469426,-71.622911
45001,Abbeville,South Carolina,34.222529,-82.458758
45003,Aiken,South Carolina,33.544179,-81.634836
45005,Allendale,South Carolina,32.988247,-81.357855
45007,Anderson,South Carolina,34.519098,-82.637856
45009,Bamberg,South Carolina,33.214802,-81.054256
45011,Barnwell,South Carolina,33.266041,-81.435040
45013,Beaufort,South Carolina,32.384936,-80.729689
45015,Berkeley,South Carolina,33.197676,-79.950980
45017,Calhoun,South Carolina,33.674888,-80.780295
45019,Charleston,South Carolina,32.833786,-79.951551
45021,Cherokee,South Carolina,35.048184,-81.620350
45023,Chester,South Carolina,34.692045,-81.159509
45025,Chesterfield,South Carolina,34.639796,-80.158730
45027,Clarendon,South Carolina,33.665827,-80.216417
45029,Colleton,South Carolina,32.863386,-80.666711
45031,Darlington,South Carolina,34.332349,-79.957706
45033,Dillon,South Carolina,34.391497,-79.378922
45035,Dorchester,South Carolina,33.079493,-80.405554
45037,Edgefield,South Carolina,33.772288,-81.966549
45039,Fairfield,South Carolina,34.395113,-81.121243
45041,Florence,South Carolina,34.024385,-79.702811
45043,Georgetown,South Carolina,33.433806,-79.332268
45045,Greenville,South Carolina,34.894297,-82.370565
45047,Greenwood,South Carolina,34.153810,-82.125920
45049,Hampton,South Carolina,32.776263,-81.140986
45051,Horry,South Carolina,33.921443,-78.996520
45053,Jasper,South Carolina,32.436308,-81.031478
45055,Kershaw,South Carolina,34.338756,-80.590255
45057,Lancaster,South Carolina,34.686687,-80.705417
45059,Laurens,South Carolina,34.483568,-82.005942
45061,Lee,South Carolina,34.163310,-80.254507
45063,Lexington,South Carolina,33.902325,-81.272209
45065,McCormick,South Carolina,33.899627,-82.309866
45067,Marion,South Carolina,34.080069,-79.362503
45069,Marlboro,South Carolina,34.601968,-79.678605
45071,Newberry,South Carolina,34.289808,-81.600133
45073,Oconee,South Carolina,34.753676,-83.065811
45075,Orangeburg,South Carolina,33.439008,-80.800285
45077,Pickens,South Carolina,34.887475,-82.725307
45079,Richland,South Carolina,34.021801,-80.903035
45081,Saluda,South Carolina,34.006140,-81.726902
45083,Spartanburg,South Carolina,34.931267,-81.990686
45085,Sumter,South Carolina,33.916192,-80.382280
45087,Union,South Carolina,34.689269,-81.619412
45089,Williamsburg,South Carolina,33.619904,-79.727752
45091,York,South Carolina,34.974746,-81.184409
46003,Aurora,South Dakota,43.717995,-98.561548
46005,Beadle,South Dakota,44.414476,-98.278120
46007,Bennett,South Dakota,43.194959,-101.664006
46009,Bon Homme,South Dakota,42.988459,-97.884595
46011,Brookings,South Dakota,44.369673,-96.790459
46013,Brown,South Dakota,45.589789,-98.351607
46015,Brule,South Dakota,43.718071,-99.080943
46017,Buffalo,South Dakota,44.076349,-99.204939
46019,Butte,South Dakota,44.905821,-103.508004
46021,Campbell,South Dakota,45.771189,-100.051614
46023,Charles Mix,South Dakota,43.207921,-98.587910
46025,Clark,South Dakota,44.858231,-97.729494
46027,Clay,South Dakota,42.914687,-96.975650
46029,Codington,South Dakota,44.977852,-97.188614
46031,Corson,South Dakota,45.708613,-101.196868
46033,Custer,South Dakota,43.677632,-103.451484
46035,Davison,South Dakota,43.674734,-98.145995
46037,Day,South Dakota,45.367138,-97.607427
46039,Deuel,South Dakota,44.760049,-96.668019
46041,Dewey,South Dakota,45.156638,-100.871844
46043,Douglas,South Dakota,43.386910,-98.366058
46045,Edmunds,South Dakota,45.418794,-99.215338
46047,Fall River,South Dakota,43.239370,-103.527531
46049,Faulk,South Dakota,45.071013,-99.145277
46051,Grant,South Dakota,45.171940,-96.767670
46053,Gregory,South Dakota,43.192406,-99.185609
46055,Haakon,South Dakota,44.294463,-101.539964
46057,Hamlin,South Dakota,44.673768,-97.188330
46059,Hand,South Dakota,44.547778,-99.004955
46061,Hanson,South Dakota,43.674787,-97.787327
46063,Harding,South Dakota,45.580360,-103.495772
46065,Hughes,South Dakota,44.389006,-99.996039
46067,Hutchinson,South Dakota,43.334868,-97.754416
46069,Hyde,South Dakota,44.547398,-99.487113
46071,Jackson,South Dakota,43.694255,-101.628129
46073,Jerauld,South Dakota,44.066338,-98.629679
46075,Jones,South Dakota,43.960635,-100.689702
46077,Kingsbury,South Dakota,44.369590,-97.491521
46079,Lake,South Dakota,44.022055,-97.129359
46081,Lawrence,South Dakota,44.358631,-103.792263
46083,Lincoln,South Dakota,43.278937,-96.721720
46085,Lyman,South Dakota,43.895821,-99.847376
46087,McCook,South Dakota,43.674301,-97.368451
46089,McPherson,South Dakota,45.766410,-99.221396
46091,Marshall,South Dakota,45.758561,-97.598655
46093,Meade,South Dakota,44.566818,-102.716884
46095,Mellette,South Dakota,43.581267,-100.759974
46097,Miner,South Dakota,44.021937,-97.610209
46099,Minnehaha,South Dakota,43.674149,-96.791465
46101,Moody,South Dakota,44.021968,-96.670885
46103,Pennington,South Dakota,44.003758,-102.823869
46105,Perkins,South Dakota,45.490479,-102.475640
46107,Potter,South Dakota,45.064516,-99.957250
46109,Roberts,South Dakota,45.629596,-96.946079
46111,Sanborn,South Dakota,44.023423,-98.091350
46113,Shannon,null,43.335604,-102.551690
46115,Spink,South Dakota,44.938019,-98.346201
46117,Stanley,South Dakota,44.412334,-100.735945
46119,Sully,South Dakota,44.715575,-100.132207
46121,Todd,South Dakota,43.193391,-100.718396
46123,Tripp,South Dakota,43.345928,-99.883965
46125,Turner,South Dakota,43.310894,-97.148668
46127,Union,South Dakota,42.832576,-96.656041
46129,Walworth,South Dakota,45.429963,-100.031528
46135,Yankton,South Dakota,43.008988,-97.394735
46137,Ziebach,South Dakota,44.980415,-101.665808
47001,Anderson,Tennessee,36.118450,-84.198472
47003,Bedford,Tennessee,35.513798,-86.458876
47005,Benton,Tennessee,36.069716,-88.068295
47007,Bledsoe,Tennessee,35.596412,-85.205174
47009,Blount,Tennessee,35.687233,-83.925518
47011,Bradley,Tennessee,35.154097,-84.859597
47013,Campbell,Tennessee,36.403527,-84.149401
47015,Cannon,Tennessee,35.808672,-86.061733
47017,Carroll,Tennessee,35.973166,-88.450252
47019,Carter,Tennessee,36.292750,-82.127454
47021,Cheatham,Tennessee,36.261141,-87.086754
47023,Chester,Tennessee,35.421744,-88.613456
47025,Claiborne,Tennessee,36.485856,-83.660429
47027,Clay,Tennessee,36.551134,-85.543841
47029,Cocke,Tennessee,35.925431,-83.121108
47031,Coffee,Tennessee,35.490622,-86.074764
47033,Crockett,Tennessee,35.813529,-89.139522
47035,Cumberland,Tennessee,35.950388,-84.998341
47037,Davidson,Tennessee,36.169446,-86.784810
47039,Decatur,Tennessee,35.603029,-88.108772
47041,DeKalb,Tennessee,35.979866,-85.832767
47043,Dickson,Tennessee,36.149029,-87.356661
47045,Dyer,Tennessee,36.059052,-89.413768
47047,Fayette,Tennessee,35.197099,-89.414373
47049,Fentress,Tennessee,36.380501,-84.932454
47051,Franklin,Tennessee,35.155061,-86.092230
47053,Gibson,Tennessee,35.996597,-88.932626
47055,Giles,Tennessee,35.202162,-87.034797
47057,Grainger,Tennessee,36.276252,-83.509631
47059,Greene,Tennessee,36.175341,-82.845829
47061,Grundy,Tennessee,35.388383,-85.722583
47063,Hamblen,Tennessee,36.217161,-83.266689
47065,Hamilton,Tennessee,35.180838,-85.164786
47067,Hancock,Tennessee,36.523600,-83.221923
47069,Hardeman,Tennessee,35.206848,-88.993097
47071,Hardin,Tennessee,35.198704,-88.184485
47073,Hawkins,Tennessee,36.441177,-82.944658
47075,Haywood,Tennessee,35.583230,-89.283812
47077,Henderson,Tennessee,35.654262,-88.387999
47079,Henry,Tennessee,36.331776,-88.301213
47081,Hickman,Tennessee,35.803224,-87.473318
47083,Houston,Tennessee,36.286019,-87.716956
47085,Humphreys,Tennessee,36.040885,-87.775645
47087,Jackson,Tennessee,36.359208,-85.673162
47089,Jefferson,Tennessee,36.050999,-83.446285
47091,Johnson,Tennessee,36.454774,-81.851557
47093,Knox,Tennessee,35.993225,-83.937103
47095,Lake,Tennessee,36.335267,-89.493531
47097,Lauderdale,Tennessee,35.760978,-89.631465
47099,Lawrence,Tennessee,35.217329,-87.395578
47101,Lewis,Tennessee,35.527270,-87.493105
47103,Lincoln,Tennessee,35.140530,-86.588972
47105,Loudon,Tennessee,35.734780,-84.311872
47107,McMinn,Tennessee,35.424736,-84.617477
47109,McNairy,Tennessee,35.175500,-88.563616
47111,Macon,Tennessee,36.532004,-86.007233
47113,Madison,Tennessee,35.608140,-88.838471
47115,Marion,Tennessee,35.129316,-85.622116
47117,Marshall,Tennessee,35.468864,-86.765012
47119,Maury,Tennessee,35.616938,-87.077011
47121,Meigs,Tennessee,35.512824,-84.813391
47123,Monroe,Tennessee,35.442639,-84.252714
47125,Montgomery,Tennessee,36.496890,-87.382815
47127,Moore,Tennessee,35.284624,-86.358743
47129,Morgan,Tennessee,36.135017,-84.649191
47131,Obion,Tennessee,36.358199,-89.148783
47133,Overton,Tennessee,36.344983,-85.288079
47135,Perry,Tennessee,35.642644,-87.858950
47137,Pickett,Tennessee,36.558411,-85.074886
47139,Polk,Tennessee,35.119869,-84.523324
47141,Putnam,Tennessee,36.140820,-85.495182
47143,Rhea,Tennessee,35.608707,-84.924413
47145,Roane,Tennessee,35.847855,-84.523246
47147,Robertson,Tennessee,36.525469,-86.870587
47149,Rutherford,Tennessee,35.842712,-86.416745
47151,Scott,Tennessee,36.428507,-84.503491
47153,Sequatchie,Tennessee,35.371131,-85.410575
47155,Sevier,Tennessee,35.784660,-83.524184
47157,Shelby,Tennessee,35.183984,-89.895552
47159,Smith,Tennessee,36.250513,-85.956741
47161,Stewart,Tennessee,36.501160,-87.838446
47163,Sullivan,Tennessee,36.512912,-82.304179
47165,Sumner,Tennessee,36.469377,-86.460377
47167,Tipton,Tennessee,35.496867,-89.759202
47169,Trousdale,Tennessee,36.392062,-86.156787
47171,Unicoi,Tennessee,36.110808,-82.432280
47173,Union,Tennessee,36.287878,-83.837523
47175,Van Buren,Tennessee,35.695979,-85.452606
47177,Warren,Tennessee,35.678689,-85.778498
47179,Washington,Tennessee,36.293285,-82.497428
47181,Wayne,Tennessee,35.239918,-87.788026
47183,Weakley,Tennessee,36.298264,-88.717783
47185,White,Tennessee,35.926351,-85.455176
47187,Williamson,Tennessee,35.893771,-86.898603
47189,Wilson,Tennessee,36.154859,-86.297644
48001,Anderson,Texas,31.813316,-95.652533
48003,Andrews,Texas,32.304980,-102.637746
48005,Angelina,Texas,31.254780,-94.611856
48007,Aransas,Texas,28.129087,-96.998337
48009,Archer,Texas,33.615234,-98.687618
48011,Armstrong,Texas,34.964962,-101.357428
48013,Atascosa,Texas,28.893494,-98.527140
48015,Austin,Texas,29.887003,-96.277901
48017,Bailey,Texas,34.068563,-102.829872
48019,Bandera,Texas,29.747197,-99.246254
48021,Bastrop,Texas,30.103598,-97.312033
48023,Baylor,Texas,33.616481,-99.213502
48025,Bee,Texas,28.417377,-97.741166
48027,Bell,Texas,31.037678,-97.478243
48029,Bexar,Texas,29.448956,-98.520019
48031,Blanco,Texas,30.266346,-98.399859
48033,Borden,Texas,32.743687,-101.431731
48035,Bosque,Texas,31.900382,-97.634348
48037,Bowie,Texas,33.446204,-94.423839
48039,Brazoria,Texas,29.189464,-95.450997
48041,Brazos,Texas,30.660809,-96.302396
48043,Brewster,Texas,29.811757,-103.251898
48045,Briscoe,Texas,34.530282,-101.208556
48047,Brooks,Texas,27.031562,-98.218713
48049,Brown,Texas,31.774253,-98.999790
48051,Burleson,Texas,30.492485,-96.621454
48053,Burnet,Texas,30.788317,-98.182445
48055,Caldwell,Texas,29.837098,-97.620008
48057,Calhoun,Texas,28.495904,-96.641866
48059,Callahan,Texas,32.297661,-99.373491
48061,Cameron,Texas,26.128413,-97.526331
48063,Camp,Texas,32.973205,-94.978511
48065,Carson,Texas,35.403533,-101.354258
48067,Cass,Texas,33.077542,-94.343570
48069,Castro,Texas,34.529931,-102.261670
48071,Chambers,Texas,29.737998,-94.610113
48073,Cherokee,Texas,31.836949,-95.165182
48075,Childress,Texas,34.529160,-100.207571
48077,Clay,Texas,33.785372,-98.208590
48079,Cochran,Texas,33.604176,-102.828517
48081,Coke,Texas,31.888598,-100.529864
48083,Coleman,Texas,31.773195,-99.453624
48085,Collin,Texas,33.187900,-96.572371
48087,Collingsworth,Texas,34.964874,-100.270042
48089,Colorado,Texas,29.620825,-96.526281
48091,Comal,Texas,29.808182,-98.278240
48093,Comanche,Texas,31.947974,-98.558248
48095,Concho,Texas,31.326539,-99.863937
48097,Cooke,Texas,33.638768,-97.212920
48099,Coryell,Texas,31.390921,-97.799226
48101,Cottle,Texas,34.077646,-100.278785
48103,Crane,Texas,31.428554,-102.515568
48105,Crockett,Texas,30.722943,-101.412157
48107,Crosby,Texas,33.614650,-101.299977
48109,Culberson,Texas,31.447085,-104.517394
48111,Dallam,Texas,36.277880,-102.602285
48113,Dallas,Texas,32.766629,-96.777877
48115,Dawson,Texas,32.742526,-101.947674
48117,Deaf Smith,Texas,34.966063,-102.605010
48119,Delta,Texas,33.386303,-95.672260
48121,Denton,Texas,33.205263,-97.116963
48123,DeWitt,Texas,29.082051,-97.356793
48125,Dickens,Texas,33.616521,-100.778897
48127,Dimmit,Texas,28.422523,-99.756626
48129,Donley,Texas,34.965423,-100.814002
48131,Duval,Texas,27.681376,-98.508931
48133,Eastland,Texas,32.327061,-98.832325
48135,Ector,Texas,31.869093,-102.542717
48137,Edwards,Texas,29.982715,-100.304718
48139,Ellis,Texas,32.348434,-96.794511
48141,El Paso,Texas,31.768735,-106.234904
48143,Erath,Texas,32.236258,-98.217958
48145,Falls,Texas,31.253276,-96.935842
48147,Fannin,Texas,33.593941,-96.106669
48149,Fayette,Texas,29.876772,-96.919791
48151,Fisher,Texas,32.742816,-100.402188
48153,Floyd,Texas,34.072465,-101.303249
48155,Foard,Texas,33.974610,-99.777999
48157,Fort Bend,Texas,29.527496,-95.770883
48159,Franklin,Texas,33.175543,-95.218437
48161,Freestone,Texas,31.704884,-96.149091
48163,Frio,Texas,28.867794,-99.108237
48165,Gaines,Texas,32.740747,-102.635177
48167,Galveston,Texas,29.390862,-94.959700
48169,Garza,Texas,33.179865,-101.298434
48171,Gillespie,Texas,30.318045,-98.946456
48173,Glasscock,Texas,31.869464,-101.520786
48175,Goliad,Texas,28.657084,-97.426462
48177,Gonzales,Texas,29.456696,-97.492548
48179,Gray,Texas,35.401178,-100.812586
48181,Grayson,Texas,33.626783,-96.677695
48183,Gregg,Texas,32.480472,-94.816958
48185,Grimes,Texas,30.543490,-95.985510
48187,Guadalupe,Texas,29.583045,-97.948578
48189,Hale,Texas,34.070508,-101.826875
48191,Hall,Texas,34.530772,-100.681116
48193,Hamilton,Texas,31.704801,-98.110719
48195,Hansford,Texas,36.277428,-101.354573
48197,Hardeman,Texas,34.290175,-99.745703
48199,Hardin,Texas,30.332391,-94.390210
48201,Harris,Texas,29.857462,-95.392953
48203,Harrison,Texas,32.548139,-94.371474
48205,Hartley,Texas,35.839996,-102.602892
48207,Haskell,Texas,33.178237,-99.730293
48209,Hays,Texas,30.058139,-98.031073
48211,Hemphill,Texas,35.837591,-100.270616
48213,Henderson,Texas,32.211873,-95.853524
48215,Hidalgo,Texas,26.396919,-98.181520
48217,Hill,Texas,31.990680,-97.132438
48219,Hockley,Texas,33.607649,-102.343201
48221,Hood,Texas,32.429929,-97.832291
48223,Hopkins,Texas,33.149569,-95.563950
48225,Houston,Texas,31.317719,-95.422685
48227,Howard,Texas,32.306161,-101.435571
48229,Hudspeth,Texas,31.456362,-105.386568
48231,Hunt,Texas,33.123586,-96.085460
48233,Hutchinson,Texas,35.840029,-101.354683
48235,Irion,Texas,31.303753,-100.982460
48237,Jack,Texas,33.233455,-98.172474
48239,Jackson,Texas,28.954257,-96.577636
48241,Jasper,Texas,30.743969,-94.025086
48243,Jeff Davis,Texas,30.715387,-104.139974
48245,Jefferson,Texas,29.883101,-94.162478
48247,Jim Hogg,Texas,27.043416,-98.697355
48249,Jim Wells,Texas,27.731322,-98.089927
48251,Johnson,Texas,32.379009,-97.366351
48253,Jones,Texas,32.739884,-99.878750
48255,Karnes,Texas,28.905732,-97.859387
48257,Kaufman,Texas,32.599274,-96.287808
48259,Kendall,Texas,29.944657,-98.711526
48261,Kenedy,Texas,26.928632,-97.716137
48263,Kent,Texas,33.181373,-100.777579
48265,Kerr,Texas,30.061459,-99.350021
48267,Kimble,Texas,30.486793,-99.748725
48269,King,Texas,33.616564,-100.255821
48271,Kinney,Texas,29.350192,-100.417981
48273,Kleberg,Texas,27.431958,-97.729007
48275,Knox,Texas,33.606136,-99.741431
48277,Lamar,Texas,33.666885,-95.571206
48279,Lamb,Texas,34.068616,-102.351716
48281,Lampasas,Texas,31.196188,-98.241471
48283,La Salle,Texas,28.344997,-99.099507
48285,Lavaca,Texas,29.384313,-96.930176
48287,Lee,Texas,30.310666,-96.965700
48289,Leon,Texas,31.296512,-95.995682
48291,Liberty,Texas,30.151600,-94.812218
48293,Limestone,Texas,31.545459,-96.580524
48295,Lipscomb,Texas,36.277645,-100.273143
48297,Live Oak,Texas,28.351371,-98.124797
48299,Llano,Texas,30.705738,-98.684107
48301,Loving,Texas,31.849273,-103.580008
48303,Lubbock,Texas,33.610213,-101.820541
48305,Lynn,Texas,33.176824,-101.816115
48307,McCulloch,Texas,31.198866,-99.347458
48309,McLennan,Texas,31.552376,-97.201768
48311,McMullen,Texas,28.352689,-98.567830
48313,Madison,Texas,30.965548,-95.928436
48315,Marion,Texas,32.797997,-94.357130
48317,Martin,Texas,32.306000,-101.951236
48319,Mason,Texas,30.717699,-99.226115
48321,Matagorda,Texas,28.856398,-95.979785
48323,Maverick,Texas,28.742699,-100.314708
48325,Medina,Texas,29.355681,-99.110172
48327,Menard,Texas,30.889818,-99.820590
48329,Midland,Texas,31.869150,-102.031609
48331,Milam,Texas,30.786359,-96.976872
48333,Mills,Texas,31.495207,-98.595466
48335,Mitchell,Texas,32.306234,-100.921252
48337,Montague,Texas,33.675480,-97.724465
48339,Montgomery,Texas,30.300195,-95.502996
48341,Moore,Texas,35.837700,-101.892958
48343,Morris,Texas,33.113469,-94.732647
48345,Motley,Texas,34.074062,-100.779810
48347,Nacogdoches,Texas,31.615995,-94.615875
48349,Navarro,Texas,32.046930,-96.472490
48351,Newton,Texas,30.786943,-93.744290
48353,Nolan,Texas,32.303516,-100.406078
48355,Nueces,Texas,27.724443,-97.621099
48357,Ochiltree,Texas,36.278358,-100.815671
48359,Oldham,Texas,35.405058,-102.602760
48361,Orange,Texas,30.121225,-93.893847
48363,Palo Pinto,Texas,32.753145,-98.313016
48365,Panola,Texas,32.162352,-94.305565
48367,Parker,Texas,32.777633,-97.805071
48369,Parmer,Texas,34.530074,-102.784467
48371,Pecos,Texas,30.781005,-102.723600
48373,Polk,Texas,30.792688,-94.830027
48375,Potter,Texas,35.401277,-101.894045
48377,Presidio,Texas,29.999888,-104.240696
48379,Rains,Texas,32.870365,-95.793384
48381,Randall,Texas,34.965872,-101.896985
48383,Reagan,Texas,31.366208,-101.523075
48385,Real,Texas,29.831765,-99.822171
48387,Red River,Texas,33.621158,-95.050042
48389,Reeves,Texas,31.323150,-103.693087
48391,Refugio,Texas,28.324801,-97.164519
48393,Roberts,Texas,35.838403,-100.813557
48395,Robertson,Texas,31.027037,-96.512777
48397,Rockwall,Texas,32.897716,-96.407791
48399,Runnels,Texas,31.831125,-99.976197
48401,Rusk,Texas,32.107726,-94.761883
48403,Sabine,Texas,31.342698,-93.853009
48405,San Augustine,Texas,31.394225,-94.168191
48407,San Jacinto,Texas,30.579537,-95.166917
48409,San Patricio,Texas,28.007503,-97.517972
48411,San Saba,Texas,31.155190,-98.817575
48413,Schleicher,Texas,30.897403,-100.538623
48415,Scurry,Texas,32.746273,-100.916455
48417,Shackelford,Texas,32.735936,-99.354065
48419,Shelby,Texas,31.792256,-94.145568
48421,Sherman,Texas,36.277712,-101.893510
48423,Smith,Texas,32.375048,-95.269173
48425,Somervell,Texas,32.222250,-97.774375
48427,Starr,Texas,26.562070,-98.738587
48429,Stephens,Texas,32.735867,-98.836183
48431,Sterling,Texas,31.827881,-101.050005
48433,Stonewall,Texas,33.179193,-100.253321
48435,Sutton,Texas,30.498350,-100.538232
48437,Swisher,Texas,34.530400,-101.735016
48439,Tarrant,Texas,32.771562,-97.291225
48441,Taylor,Texas,32.301440,-99.890153
48443,Terrell,Texas,30.224864,-102.076463
48445,Terry,Texas,33.173841,-102.335201
48447,Throckmorton,Texas,33.177459,-99.212373
48449,Titus,Texas,33.216596,-94.965681
48451,Tom Green,Texas,31.404488,-100.462372
48453,Travis,Texas,30.334690,-97.781966
48455,Trinity,Texas,31.088825,-95.135498
48457,Tyler,Texas,30.771242,-94.376597
48459,Upshur,Texas,32.736273,-94.941474
48461,Upton,Texas,31.368692,-102.043021
48463,Uvalde,Texas,29.357312,-99.762262
48465,Val Verde,Texas,29.892601,-101.152153
48467,Van Zandt,Texas,32.563720,-95.836515
48469,Victoria,Texas,28.796355,-96.971536
48471,Walker,Texas,30.739037,-95.572312
48473,Waller,Texas,30.010826,-95.987646
48475,Ward,Texas,31.509486,-103.102495
48477,Washington,Texas,30.214530,-96.403424
48479,Webb,Texas,27.761041,-99.331812
48481,Wharton,Texas,29.277862,-96.222108
48483,Wheeler,Texas,35.401263,-100.269757
48485,Wichita,Texas,33.987988,-98.703781
48487,Wilbarger,Texas,34.080913,-99.241090
48489,Willacy,Texas,26.470697,-97.667877
48491,Williamson,Texas,30.648026,-97.600746
48493,Wilson,Texas,29.174001,-98.086586
48495,Winkler,Texas,31.850022,-103.048210
48497,Wise,Texas,33.215924,-97.654480
48499,Wood,Texas,32.786416,-95.382073
48501,Yoakum,Texas,33.172986,-102.827808
48503,Young,Texas,33.176640,-98.687751
48505,Zapata,Texas,27.000775,-99.168631
48507,Zavala,Texas,28.866162,-99.760570
49001,Beaver,Utah,38.357626,-113.235630
49003,Box Elder,Utah,41.520969,-113.082100
49005,Cache,Utah,41.722390,-111.743560
49007,Carbon,Utah,39.648081,-110.588835
49009,Daggett,Utah,40.887255,-109.507585
49011,Davis,Utah,40.990626,-112.111279
49013,Duchesne,Utah,40.297463,-110.424718
49015,Emery,Utah,38.996737,-110.700698
49017,Garfield,Utah,37.854938,-111.443099
49019,Grand,Utah,38.981708,-109.569698
49021,Iron,Utah,37.859137,-113.289260
49023,Juab,Utah,39.702598,-112.784710
49025,Kane,Utah,37.285072,-111.887788
49027,Millard,Utah,39.073728,-113.100498
49029,Morgan,Utah,41.089327,-111.573135
49031,Piute,Utah,38.336486,-112.127103
49033,Rich,Utah,41.632274,-111.244446
49035,Salt Lake,Utah,40.667618,-111.924050
49037,San Juan,Utah,37.626029,-109.804541
49039,Sanpete,Utah,39.373945,-111.576303
49041,Sevier,Utah,38.747643,-111.804563
49043,Summit,Utah,40.868173,-110.955662
49045,Tooele,Utah,40.448733,-113.131060
49047,Uintah,Utah,40.124883,-109.518404
49049,Utah,Utah,40.119911,-111.670234
49051,Wasatch,Utah,40.330432,-111.168420
49053,Washington,Utah,37.280381,-113.505029
49055,Wayne,Utah,38.324374,-110.903776
49057,Weber,Utah,41.269886,-111.913210
50001,Addison,Vermont,44.030935,-73.140832
50003,Bennington,Vermont,43.035432,-73.092968
50005,Caledonia,Vermont,44.464690,-72.102191
50007,Chittenden,Vermont,44.461029,-73.080929
50009,Essex,Vermont,44.728198,-71.736323
50011,Franklin,Vermont,44.857501,-72.911989
50013,Grand Isle,Vermont,44.796788,-73.294841
50015,Lamoille,Vermont,44.605777,-72.641389
50017,Orange,Vermont,44.005622,-72.376855
50019,Orleans,Vermont,44.828830,-72.243708
50021,Rutland,Vermont,43.580092,-73.036674
50023,Washington,Vermont,44.273433,-72.614883
50025,Windham,Vermont,42.990629,-72.713820
50027,Windsor,Vermont,43.580007,-72.586240
51001,Accomack,Virginia,37.763849,-75.635822
51003,Albemarle,Virginia,38.022880,-78.556546
51005,Alleghany,Virginia,37.787616,-80.007023
51007,Amelia,Virginia,37.336023,-77.976138
51009,Amherst,Virginia,37.604776,-79.145120
51011,Appomattox,Virginia,37.372207,-78.812145
51013,Arlington,Virginia,38.878639,-77.101148
51015,Augusta,Virginia,38.164512,-79.133827
51017,Bath,Virginia,38.058706,-79.741077
51019,Bedford,null,37.314965,-79.524206
51021,Bland,Virginia,37.133960,-81.130299
51023,Botetourt,Virginia,37.557126,-79.812321
51025,Brunswick,Virginia,36.764782,-77.859022
51027,Buchanan,Virginia,37.266562,-82.036071
51029,Buckingham,Virginia,37.572218,-78.528788
51031,Campbell,Virginia,37.205618,-79.096389
51033,Caroline,Virginia,38.026801,-77.346968
51035,Carroll,Virginia,36.731546,-80.733902
51036,Charles City,Virginia,37.355817,-77.061075
51037,Charlotte,Virginia,37.011623,-78.661642
51041,Chesterfield,Virginia,37.378547,-77.586980
51043,Clarke,Virginia,39.112194,-77.996691
51045,Craig,Virginia,37.481222,-80.212369
51047,Culpeper,Virginia,38.486057,-77.955879
51049,Cumberland,Virginia,37.512094,-78.244984
51051,Dickenson,Virginia,37.125763,-82.350399
51053,Dinwiddie,Virginia,37.075906,-77.632349
51057,Essex,Virginia,37.943312,-76.948317
51059,Fairfax,null,38.836031,-77.276644
51061,Fauquier,Virginia,38.738543,-77.809285
51063,Floyd,Virginia,36.931489,-80.362546
51065,Fluvanna,Virginia,37.841890,-78.277503
51067,Franklin,null,36.991952,-79.881028
51069,Frederick,Virginia,39.204542,-78.262574
51071,Giles,Virginia,37.314032,-80.703743
51073,Gloucester,Virginia,37.414217,-76.540885
51075,Goochland,Virginia,37.722015,-77.916442
51077,Grayson,Virginia,36.656610,-81.224999
51079,Greene,Virginia,38.297560,-78.466844
51081,Greensville,Virginia,36.675894,-77.559571
51083,Halifax,Virginia,36.766919,-78.936639
51085,Hanover,Virginia,37.760132,-77.490873
51087,Henrico,Virginia,37.537994,-77.405798
51089,Henry,Virginia,36.682784,-79.873970
51091,Highland,Virginia,38.362287,-79.568530
51093,Isle of Wight,Virginia,36.891839,-76.724868
51095,James City,Virginia,37.327970,-76.778829
51097,King and Queen,Virginia,37.718638,-76.895282
51099,King George,Virginia,38.273596,-77.156850
51101,King William,Virginia,37.706604,-77.088377
51103,Lancaster,Virginia,37.732211,-76.461479
51105,Lee,Virginia,36.705424,-83.128376
51107,Loudoun,Virginia,39.090693,-77.635727
51109,Louisa,Virginia,37.978184,-77.962961
51111,Lunenburg,Virginia,36.946227,-78.240573
51113,Madison,Virginia,38.413707,-78.279252
51115,Mathews,Virginia,37.435971,-76.341390
51117,Mecklenburg,Virginia,36.680354,-78.362736
51119,Middlesex,Virginia,37.629432,-76.567302
51121,Montgomery,Virginia,37.174031,-80.386976
51125,Nelson,Virginia,37.787401,-78.886769
51127,New Kent,Virginia,37.505157,-76.997139
51131,Northampton,Virginia,37.341002,-75.876639
51133,Northumberland,Virginia,37.887452,-76.419237
51135,Nottoway,Virginia,37.143056,-78.051234
51137,Orange,Virginia,38.246219,-78.013520
51139,Page,Virginia,38.619986,-78.484121
51141,Patrick,Virginia,36.678318,-80.284390
51143,Pittsylvania,Virginia,36.821294,-79.397130
51145,Powhatan,Virginia,37.550205,-77.915198
51147,Prince Edward,Virginia,37.224301,-78.441070
51149,Prince George,Virginia,37.186526,-77.224170
51153,Prince William,Virginia,38.702844,-77.480497
51155,Pulaski,Virginia,37.063616,-80.714352
51157,Rappahannock,Virginia,38.684625,-78.159265
51159,Richmond,null,37.942876,-76.730840
51161,Roanoke,null,37.269288,-80.067872
51163,Rockbridge,Virginia,37.814641,-79.447573
51165,Rockingham,Virginia,38.512146,-78.875786
51167,Russell,Virginia,36.933759,-82.095647
51169,Scott,Virginia,36.714229,-82.603000
51171,Shenandoah,Virginia,38.858399,-78.570613
51173,Smyth,Virginia,36.843872,-81.537072
51175,Southampton,Virginia,36.720419,-77.106064
51177,Spotsylvania,Virginia,38.185027,-77.655980
51179,Stafford,Virginia,38.420612,-77.458055
51181,Surry,Virginia,37.110235,-76.900392
51183,Sussex,Virginia,36.921743,-77.261835
51185,Tazewell,Virginia,37.124919,-81.560660
51187,Warren,Virginia,38.908729,-78.207437
51191,Washington,Virginia,36.724485,-81.959649
51193,Westmoreland,Virginia,38.111852,-76.802029
51195,Wise,Virginia,36.975249,-82.621231
51197,Wythe,Virginia,36.917118,-81.078635
51199,York,Virginia,37.242320,-76.561882
51510,Alexandria,Virginia,38.818394,-77.085929
51515,Bedford,Virginia,37.337841,-79.520242
51520,Bristol,Virginia,36.618088,-82.160771
51530,Buena Vista,Virginia,37.731557,-79.356520
51540,Charlottesville,Virginia,38.037430,-78.485644
51550,Chesapeake,Virginia,36.677785,-76.302377
51570,Colonial Heights,Virginia,37.265088,-77.396957
51580,Covington,Virginia,37.778638,-79.986751
51590,Danville,Virginia,36.583054,-79.408744
51595,Emporia,Virginia,36.695312,-77.535602
51600,Fairfax,Virginia,38.853085,-77.299850
51610,Falls Church,Virginia,38.884280,-77.174514
51620,Franklin,Virginia,36.682969,-76.938536
51630,Fredericksburg,Virginia,38.299212,-77.487119
51640,Galax,Virginia,36.665990,-80.917627
51650,Hampton,Virginia,37.055995,-76.362517
51660,Harrisonburg,Virginia,38.436182,-78.873546
51670,Hopewell,Virginia,37.291369,-77.298532
51678,Lexington,Virginia,37.782418,-79.443907
51680,Lynchburg,Virginia,37.400416,-79.191095
51683,Manassas,Virginia,38.747972,-77.483884
51685,Manassas Park,Virginia,38.771640,-77.444723
51690,Martinsville,Virginia,36.682636,-79.863663
51700,Newport News,Virginia,37.105063,-76.519609
51710,Norfolk,Virginia,36.894908,-76.261371
51720,Norton,Virginia,36.931737,-82.625973
51730,Petersburg,Virginia,37.204198,-77.391446
51735,Poquoson,Virginia,37.131258,-76.355312
51740,Portsmouth,Virginia,36.848540,-76.353726
51750,Radford,Virginia,37.122908,-80.558226
51760,Richmond,Virginia,37.529402,-77.475569
51770,Roanoke,Virginia,37.278224,-79.958139
51775,Salem,Virginia,37.286377,-80.055367
51790,Staunton,Virginia,38.159309,-79.060795
51800,Suffolk,Virginia,36.695857,-76.639416
51810,Virginia Beach,Virginia,36.733380,-76.043447
51820,Waynesboro,Virginia,38.067321,-78.901258
51830,Williamsburg,Virginia,37.269206,-76.707191
51840,Winchester,Virginia,39.173381,-78.174508
53001,Adams,Washington,46.983372,-118.560412
53003,Asotin,Washington,46.191768,-117.202831
53005,Benton,Washington,46.239798,-119.511234
53007,Chelan,Washington,47.869127,-120.618923
53009,Clallam,Washington,48.049405,-123.927688
53011,Clark,Washington,45.779317,-122.482525
53013,Columbia,Washington,46.297548,-117.907860
53015,Cowlitz,Washington,46.193297,-122.680699
53017,Douglas,Washington,47.736064,-119.691728
53019,Ferry,Washington,48.470130,-118.516461
53021,Franklin,Washington,46.534764,-118.898979
53023,Garfield,Washington,46.431651,-117.545206
53025,Grant,Washington,47.205667,-119.451752
53027,Grays Harbor,Washington,47.150128,-123.773258
53029,Island,Washington,48.163196,-122.549253
53031,Jefferson,Washington,47.748830,-123.592164
53033,King,Washington,47.489947,-121.806172
53035,Kitsap,Washington,47.613102,-122.673257
53037,Kittitas,Washington,47.124180,-120.679715
53039,Klickitat,Washington,45.873787,-120.789209
53041,Lewis,Washington,46.577712,-122.392451
53043,Lincoln,Washington,47.576189,-118.418806
53045,Mason,Washington,47.349084,-123.188423
53047,Okanogan,Washington,48.548830,-119.740736
53049,Pacific,Washington,46.553689,-123.709581
53051,Pend Oreille,Washington,48.532269,-117.273964
53053,Pierce,Washington,47.025566,-122.108116
53055,San Juan,Washington,48.578726,-122.964693
53057,Skagit,Washington,48.479489,-121.732564
53059,Skamania,Washington,46.022710,-121.915063
53061,Snohomish,Washington,48.047333,-121.697935
53063,Spokane,Washington,47.620628,-117.404024
53065,Stevens,Washington,48.399101,-117.855137
53067,Thurston,Washington,46.926590,-122.832824
53069,Wahkiakum,Washington,46.292096,-123.424352
53071,Walla Walla,Washington,46.229761,-118.478486
53073,Whatcom,Washington,48.825684,-121.720833
53075,Whitman,Washington,46.901165,-117.523000
53077,Yakima,Washington,46.456844,-120.738780
54001,Barbour,West Virginia,39.132958,-80.003026
54003,Berkeley,West Virginia,39.464068,-78.027515
54005,Boone,West Virginia,38.022985,-81.711192
54007,Braxton,West Virginia,38.699864,-80.719274
54009,Brooke,West Virginia,40.273872,-80.576455
54011,Cabell,West Virginia,38.420301,-82.241710
54013,Calhoun,West Virginia,38.844522,-81.117582
54015,Clay,West Virginia,38.462517,-81.075076
54017,Doddridge,West Virginia,39.269155,-80.706984
54019,Fayette,West Virginia,38.028780,-81.081174
54021,Gilmer,West Virginia,38.924065,-80.857061
54023,Grant,West Virginia,39.105083,-79.195523
54025,Greenbrier,West Virginia,37.946909,-80.452971
54027,Hampshire,West Virginia,39.317061,-78.614122
54029,Hancock,West Virginia,40.521866,-80.573900
54031,Hardy,West Virginia,39.007521,-78.857948
54033,Harrison,West Virginia,39.283534,-80.379871
54035,Jackson,West Virginia,38.834454,-81.674775
54037,Jefferson,West Virginia,39.307572,-77.862799
54039,Kanawha,West Virginia,38.336568,-81.528103
54041,Lewis,West Virginia,38.995858,-80.502162
54043,Lincoln,West Virginia,38.175345,-82.070377
54045,Logan,West Virginia,37.831534,-81.935339
54047,McDowell,West Virginia,37.378453,-81.653641
54049,Marion,West Virginia,39.510004,-80.243402
54051,Marshall,West Virginia,39.860593,-80.663409
54053,Mason,West Virginia,38.769735,-82.026519
54055,Mercer,West Virginia,37.405506,-81.111441
54057,Mineral,West Virginia,39.414518,-78.943481
54059,Mingo,West Virginia,37.726461,-82.134634
54061,Monongalia,West Virginia,39.630323,-80.046562
54063,Monroe,West Virginia,37.560395,-80.550519
54065,Morgan,West Virginia,39.560477,-78.257361
54067,Nicholas,West Virginia,38.291686,-80.799323
54069,Ohio,West Virginia,40.096946,-80.618909
54071,Pendleton,West Virginia,38.680748,-79.350903
54073,Pleasants,West Virginia,39.370930,-81.160626
54075,Pocahontas,West Virginia,38.331816,-80.007728
54077,Preston,West Virginia,39.469326,-79.668164
54079,Putnam,West Virginia,38.508613,-81.909002
54081,Raleigh,West Virginia,37.771363,-81.248653
54083,Randolph,West Virginia,38.774741,-79.875797
54085,Ritchie,West Virginia,39.178248,-81.062976
54087,Roane,West Virginia,38.714024,-81.348348
54089,Summers,West Virginia,37.655869,-80.858592
54091,Taylor,West Virginia,39.335999,-80.046172
54093,Tucker,West Virginia,39.113587,-79.564986
54095,Tyler,West Virginia,39.465273,-80.884832
54097,Upshur,West Virginia,38.897847,-80.233428
54099,Wayne,West Virginia,38.146109,-82.427017
54101,Webster,West Virginia,38.494710,-80.421860
54103,Wetzel,West Virginia,39.605281,-80.639118
54105,Wirt,West Virginia,39.022457,-81.378677
54107,Wood,West Virginia,39.211160,-81.515049
54109,Wyoming,West Virginia,37.609604,-81.549181
55001,Adams,Wisconsin,43.969586,-89.770643
55003,Ashland,Wisconsin,46.316486,-90.677751
55005,Barron,Wisconsin,45.423698,-91.848310
55007,Bayfield,Wisconsin,46.524428,-91.200252
55009,Brown,Wisconsin,44.452541,-88.003950
55011,Buffalo,Wisconsin,44.379830,-91.754450
55013,Burnett,Wisconsin,45.862698,-92.367572
55015,Calumet,Wisconsin,44.081602,-88.218058
55017,Chippewa,Wisconsin,45.069406,-91.279854
55019,Clark,Wisconsin,44.734726,-90.612099
55021,Columbia,Wisconsin,43.466625,-89.333728
55023,Crawford,Wisconsin,43.239468,-90.931057
55025,Dane,Wisconsin,43.067357,-89.418345
55027,Dodge,Wisconsin,43.416297,-88.707527
55029,Door,Wisconsin,44.950545,-87.310963
55031,Douglas,Wisconsin,46.432871,-91.916184
55033,Dunn,Wisconsin,44.946577,-91.896429
55035,Eau Claire,Wisconsin,44.726774,-91.285995
55037,Florence,Wisconsin,45.848477,-88.398214
55039,Fond du Lac,Wisconsin,43.753593,-88.488244
55041,Forest,Wisconsin,45.667314,-88.770424
55043,Grant,Wisconsin,42.867490,-90.706203
55045,Green,Wisconsin,42.679948,-89.602207
55047,Green Lake,Wisconsin,43.800367,-89.044936
55049,Iowa,Wisconsin,43.000476,-90.135417
55051,Iron,Wisconsin,46.262294,-90.242060
55053,Jackson,Wisconsin,44.319147,-90.805223
55055,Jefferson,Wisconsin,43.020829,-88.775877
55057,Juneau,Wisconsin,43.924460,-90.114007
55059,Kenosha,Wisconsin,42.576740,-88.042029
55061,Kewaunee,Wisconsin,44.516106,-87.615490
55063,La Crosse,Wisconsin,43.906549,-91.115242
55065,Lafayette,Wisconsin,42.660479,-90.131711
55067,Langlade,Wisconsin,45.262329,-89.071909
55069,Lincoln,Wisconsin,45.337472,-89.734616
55071,Manitowoc,Wisconsin,44.119933,-87.809609
55073,Marathon,Wisconsin,44.898290,-89.759074
55075,Marinette,Wisconsin,45.383031,-88.033449
55077,Marquette,Wisconsin,43.819579,-89.398771
55078,Menominee,Wisconsin,45.004384,-88.709992
55079,Milwaukee,Wisconsin,43.007227,-87.966921
55081,Monroe,Wisconsin,43.945772,-90.617829
55083,Oconto,Wisconsin,45.026172,-88.269259
55085,Oneida,Wisconsin,45.705578,-89.521670
55087,Outagamie,Wisconsin,44.416080,-88.464936
55089,Ozaukee,Wisconsin,43.383940,-87.951536
55091,Pepin,Wisconsin,44.582927,-92.001549
55093,Pierce,Wisconsin,44.719631,-92.422412
55095,Polk,Wisconsin,45.461424,-92.441361
55097,Portage,Wisconsin,44.476059,-89.501422
55099,Price,Wisconsin,45.680415,-90.361337
55101,Racine,Wisconsin,42.747518,-88.061110
55103,Richland,Wisconsin,43.375633,-90.429491
55105,Rock,Wisconsin,42.671224,-89.071592
55107,Rusk,Wisconsin,45.475137,-91.133125
55109,St. Croix,Wisconsin,45.034069,-92.452797
55111,Sauk,Wisconsin,43.426784,-89.948377
55113,Sawyer,Wisconsin,45.880006,-91.144566
55115,Shawano,Wisconsin,44.789155,-88.765442
55117,Sheboygan,Wisconsin,43.721181,-87.945314
55119,Taylor,Wisconsin,45.211575,-90.501240
55121,Trempealeau,Wisconsin,44.303965,-91.358452
55123,Vernon,Wisconsin,43.593875,-90.834413
55125,Vilas,Wisconsin,46.052880,-89.514765
55127,Walworth,Wisconsin,42.668485,-88.541952
55129,Washburn,Wisconsin,45.899223,-91.791243
55131,Washington,Wisconsin,43.368467,-88.230767
55133,Waukesha,Wisconsin,43.018189,-88.304524
55135,Waupaca,Wisconsin,44.470447,-88.964781
55137,Waushara,Wisconsin,44.113135,-89.242958
55139,Winnebago,Wisconsin,44.068883,-88.644653
55141,Wood,Wisconsin,44.455335,-90.041564
56001,Albany,Wyoming,41.654492,-105.723911
56003,Big Horn,Wyoming,44.526794,-107.995156
56005,Campbell,Wyoming,44.248305,-105.548234
56007,Carbon,Wyoming,41.694472,-106.930669
56009,Converse,Wyoming,42.972422,-105.507050
56011,Crook,Wyoming,44.588592,-104.569904
56013,Fremont,Wyoming,43.040537,-108.630465
56015,Goshen,Wyoming,42.087890,-104.353297
56017,Hot Springs,Wyoming,43.718958,-108.442139
56019,Johnson,Wyoming,44.038855,-106.584648
56021,Laramie,Wyoming,41.307031,-104.689586
56023,Lincoln,Wyoming,42.264159,-110.656030
56025,Natrona,Wyoming,42.962137,-106.798556
56027,Niobrara,Wyoming,43.056425,-104.475328
56029,Park,Wyoming,44.520593,-109.588526
56031,Platte,Wyoming,42.133174,-104.965856
56033,Sheridan,Wyoming,44.790063,-106.879462
56035,Sublette,Wyoming,42.766879,-109.914708
56037,Sweetwater,Wyoming,41.659542,-108.879516
56039,Teton,Wyoming,43.934765,-110.589743
56041,Uinta,Wyoming,41.287649,-110.547598
56043,Washakie,Wyoming,43.904955,-107.682857
56045,Weston,Wyoming,43.840506,-104.567717
72001,Adjuntas,null,18.179716,-66.753953
72003,Aguada,null,18.360286,-67.174717
72005,Aguadilla,null,18.460005,-67.120765
72007,Aguas Buenas,null,18.251068,-66.127370
72009,Aibonito,null,18.131132,-66.264392
72011,Añasco,null,18.288087,-67.120589
72013,Arecibo,null,18.406415,-66.675163
72015,Arroyo,null,17.998472,-66.056380
72017,Barceloneta,null,18.445382,-66.560433
72019,Barranquitas,null,18.201753,-66.309876
72021,Bayamón,null,18.349633,-66.168325
72023,Cabo Rojo,null,18.039869,-67.154599
72025,Caguas,null,18.211894,-66.050779
72027,Camuy,null,18.418890,-66.860319
72029,Canóvanas,null,18.328990,-65.887861
72031,Carolina,null,18.375092,-65.956927
72033,Cataño,null,18.439069,-66.140107
72035,Cayey,null,18.102919,-66.149490
72037,Ceiba,null,18.251915,-65.665316
72039,Ciales,null,18.289028,-66.516447
72041,Cidra,null,18.173715,-66.160942
72043,Coamo,null,18.097306,-66.360196
72045,Comerío,null,18.224743,-66.221827
72047,Corozal,null,18.304324,-66.327910
72049,Culebra,null,18.315320,-65.286942
72051,Dorado,null,18.436284,-66.278334
72053,Fajardo,null,18.318413,-65.667919
72054,Florida,null,18.373434,-66.560251
72055,Guánica,null,17.983258,-66.920168
72057,Guayama,null,18.007404,-66.133741
72059,Guayanilla,null,18.041190,-66.791633
72061,Guaynabo,null,18.343825,-66.114045
72063,Gurabo,null,18.266396,-65.979295
72065,Hatillo,null,18.410593,-66.796453
72067,Hormigueros,null,18.134127,-67.113997
72069,Humacao,null,18.145443,-65.810813
72071,Isabela,null,18.449703,-67.004863
72073,Jayuya,null,18.210680,-66.588431
72075,Juana Díaz,null,18.051307,-66.495186
72077,Juncos,null,18.223541,-65.908921
72079,Lajas,null,18.012209,-67.040921
72081,Lares,null,18.268680,-66.866782
72083,Las Marías,null,18.237116,-66.983422
72085,Las Piedras,null,18.187582,-65.869275
72087,Loíza,null,18.425381,-65.898742
72089,Luquillo,null,18.342515,-65.725251
72091,Manatí,null,18.419983,-66.490110
72093,Maricao,null,18.172085,-66.942300
72095,Maunabo,null,18.018154,-65.922643
72097,Mayagüez,null,18.175681,-67.331856
72099,Moca,null,18.377963,-67.080770
72101,Morovis,null,18.317075,-66.420306
72103,Naguabo,null,18.230670,-65.754324
72105,Naranjito,null,18.288466,-66.252526
72107,Orocovis,null,18.214910,-66.434033
72109,Patillas,null,18.031693,-66.012380
72111,Peñuelas,null,18.059990,-66.721700
72113,Ponce,null,18.059893,-66.614246
72115,Quebradillas,null,18.439792,-66.926000
72117,Rincón,null,18.335409,-67.231889
72119,Río Grande,null,18.346682,-65.813508
72121,Sabana Grande,null,18.082867,-66.943580
72123,Salinas,null,18.011461,-66.256303
72125,San Germán,null,18.111123,-67.038423
72127,San Juan,null,18.390154,-66.062916
72129,San Lorenzo,null,18.147992,-65.976436
72131,San Sebastián,null,18.328738,-66.971240
72133,Santa Isabel,null,17.995921,-66.388419
72135,Toa Alta,null,18.362558,-66.246430
72137,Toa Baja,null,18.430567,-66.215117
72139,Trujillo Alto,null,18.336301,-65.999161
72141,Utuado,null,18.270993,-66.702449
72143,Vega Alta,null,18.409810,-66.337267
72145,Vega Baja,null,18.428689,-66.397765
72147,Vieques,null,18.122421,-65.438344
72149,Villalba,null,18.128189,-66.472803
72151,Yabucoa,null,18.070608,-65.896554
72153,Yauco,null,18.080136,-66.858727